-- phpMyAdmin SQL Dump
-- version 5.1.0
-- https://www.phpmyadmin.net/
--
-- Host: localhost
-- Generation Time: Nov 13, 2022 at 12:51 PM
-- Server version: 10.4.18-MariaDB
-- PHP Version: 7.4.16

SET SQL_MODE = "NO_AUTO_VALUE_ON_ZERO";
START TRANSACTION;
SET time_zone = "+00:00";


/*!40101 SET @OLD_CHARACTER_SET_CLIENT=@@CHARACTER_SET_CLIENT */;
/*!40101 SET @OLD_CHARACTER_SET_RESULTS=@@CHARACTER_SET_RESULTS */;
/*!40101 SET @OLD_COLLATION_CONNECTION=@@COLLATION_CONNECTION */;
/*!40101 SET NAMES utf8mb4 */;

--
-- Database: `munzalan_store`
--

-- --------------------------------------------------------

--
-- Table structure for table `alamat_pengiriman`
--

CREATE TABLE `alamat_pengiriman` (
  `id` bigint(11) UNSIGNED NOT NULL,
  `user_id` bigint(11) UNSIGNED NOT NULL,
  `name` varchar(30) COLLATE utf8mb4_unicode_ci DEFAULT NULL,
  `alamat` text COLLATE utf8mb4_unicode_ci DEFAULT NULL,
  `negara` varchar(20) COLLATE utf8mb4_unicode_ci DEFAULT NULL,
  `provinsi_id` bigint(7) UNSIGNED DEFAULT NULL,
  `kota_id` bigint(7) UNSIGNED DEFAULT NULL,
  `nomor_hp` varchar(15) COLLATE utf8mb4_unicode_ci DEFAULT NULL,
  `alamat_utama` int(11) NOT NULL,
  `status` varchar(20) COLLATE utf8mb4_unicode_ci DEFAULT NULL,
  `created_at` timestamp NULL DEFAULT NULL,
  `updated_at` timestamp NULL DEFAULT NULL
) ENGINE=InnoDB DEFAULT CHARSET=utf8mb4 COLLATE=utf8mb4_unicode_ci;

--
-- Dumping data for table `alamat_pengiriman`
--

INSERT INTO `alamat_pengiriman` (`id`, `user_id`, `name`, `alamat`, `negara`, `provinsi_id`, `kota_id`, `nomor_hp`, `alamat_utama`, `status`, `created_at`, `updated_at`) VALUES
(1, 1, 'Perusahaan Purnomo', 'Jl.Alianyang', 'Indonesia', 12, 364, '08954444444', 1, '1', '2019-11-29 14:24:36', '2019-11-29 13:03:42'),
(2, 2, 'MunzalanStore', 'Jl.Sungai Raya Dalam', 'Indonesia', 12, 364, '08954444444', 1, '1', '2019-11-29 14:24:36', '2019-11-29 13:03:42'),
(47, 145, NULL, 'Jl. Alianyang Gg. Sawi 2', NULL, 1, 32, '0895704043814', 1, NULL, '2022-07-13 06:04:17', '2022-07-13 06:04:17'),
(48, 146, NULL, '4711 Linden Avenue', NULL, 17, 48, '4075560727', 1, NULL, '2022-07-13 06:06:53', '2022-07-13 06:06:53'),
(49, 147, NULL, '1554 Clark Street Levittown, NY 11756', NULL, 14, 296, '6312808788', 1, NULL, '2022-07-13 06:07:31', '2022-07-13 06:07:31'),
(50, 148, NULL, 'Swanquarter, NC 27885', NULL, 15, 89, '2529261129', 1, NULL, '2022-07-13 06:08:04', '2022-07-13 06:08:04'),
(51, 149, NULL, 'Psr. Ujung No. 309, Payakumbuh', NULL, 15, 66, '0878913810538', 1, NULL, '2022-07-13 06:09:57', '2022-07-13 06:09:57'),
(52, 150, NULL, 'Ki. M.T. Haryono No. 110', NULL, 16, 257, '02930067353', 1, NULL, '2022-07-13 06:10:49', '2022-07-13 06:10:49'),
(53, 151, NULL, 'Kpg. Thamrin No. 601', NULL, 18, 490, '083949531782', 1, NULL, '2022-07-13 06:11:42', '2022-07-13 06:11:42'),
(54, 152, NULL, 'Jr. Nangka No. 311', NULL, 16, 96, '0886386106999', 1, NULL, '2022-07-13 06:12:47', '2022-07-13 06:12:47'),
(55, 153, NULL, 'Jl. Alianyang', NULL, 12, 415, '0895704043814', 1, NULL, '2022-07-13 17:44:12', '2022-07-13 17:44:12');

-- --------------------------------------------------------

--
-- Table structure for table `detail_pesanan`
--

CREATE TABLE `detail_pesanan` (
  `id` bigint(20) UNSIGNED NOT NULL,
  `user_id` bigint(20) UNSIGNED NOT NULL,
  `pesanan_id` bigint(20) UNSIGNED NOT NULL,
  `produk_id` bigint(20) UNSIGNED NOT NULL,
  `ukuran` varchar(255) COLLATE utf8mb4_unicode_ci NOT NULL,
  `kuantitas` int(11) NOT NULL,
  `harga` varchar(255) COLLATE utf8mb4_unicode_ci NOT NULL,
  `status_pesanan` enum('Dalam Proses','Berhasil Sampai') COLLATE utf8mb4_unicode_ci NOT NULL,
  `created_at` timestamp NULL DEFAULT NULL,
  `updated_at` timestamp NULL DEFAULT NULL
) ENGINE=InnoDB DEFAULT CHARSET=utf8mb4 COLLATE=utf8mb4_unicode_ci;

-- --------------------------------------------------------

--
-- Table structure for table `failed_jobs`
--

CREATE TABLE `failed_jobs` (
  `id` bigint(20) UNSIGNED NOT NULL,
  `uuid` varchar(255) COLLATE utf8mb4_unicode_ci NOT NULL,
  `connection` text COLLATE utf8mb4_unicode_ci NOT NULL,
  `queue` text COLLATE utf8mb4_unicode_ci NOT NULL,
  `payload` longtext COLLATE utf8mb4_unicode_ci NOT NULL,
  `exception` longtext COLLATE utf8mb4_unicode_ci NOT NULL,
  `failed_at` timestamp NOT NULL DEFAULT current_timestamp()
) ENGINE=InnoDB DEFAULT CHARSET=utf8mb4 COLLATE=utf8mb4_unicode_ci;

-- --------------------------------------------------------

--
-- Table structure for table `gambar_produk`
--

CREATE TABLE `gambar_produk` (
  `id` bigint(11) UNSIGNED NOT NULL,
  `produk_id` bigint(11) UNSIGNED NOT NULL,
  `gambar1` text COLLATE utf8mb4_unicode_ci NOT NULL,
  `gambar2` text COLLATE utf8mb4_unicode_ci DEFAULT NULL,
  `gambar3` text COLLATE utf8mb4_unicode_ci DEFAULT NULL,
  `gambar4` text COLLATE utf8mb4_unicode_ci DEFAULT NULL,
  `gambar5` text COLLATE utf8mb4_unicode_ci DEFAULT NULL,
  `created_at` timestamp NULL DEFAULT NULL,
  `updated_at` timestamp NULL DEFAULT NULL
) ENGINE=InnoDB DEFAULT CHARSET=utf8mb4 COLLATE=utf8mb4_unicode_ci;

--
-- Dumping data for table `gambar_produk`
--

INSERT INTO `gambar_produk` (`id`, `produk_id`, `gambar1`, `gambar2`, `gambar3`, `gambar4`, `gambar5`, `created_at`, `updated_at`) VALUES
(29, 43, 'Gambar1_ID_43.jpg', 'Gambar2_ID_43.jpg', 'Gambar3_ID_43.jpg', 'Gambar4_ID_43.jpg', 'Gambar5_ID_43.jpg', '2022-07-12 00:48:27', '2022-07-12 00:48:27'),
(30, 44, 'Gambar1_ID_44.jpg', 'Gambar2_ID_44.jpg', 'Gambar3_ID_44.jpg', 'Gambar4_ID_44.jpg', 'Gambar5_ID_44.jpg', '2022-07-12 01:01:04', '2022-07-12 01:01:04'),
(31, 45, 'Gambar1_ID_45.jpg', 'Gambar2_ID_45.jpg', 'Gambar3_ID_45.jpg', 'Gambar4_ID_45.jpg', 'Gambar5_ID_45.jpg', '2022-07-12 01:09:09', '2022-07-12 01:09:09'),
(32, 46, 'Gambar1_ID_46.jpg', 'Gambar2_ID_46.jpg', 'Gambar3_ID_46.jpg', 'Gambar4_ID_46.jpg', 'Gambar5_ID_46.jpg', '2022-07-12 01:16:05', '2022-07-12 01:16:05'),
(34, 48, 'Gambar1_ID_48.jpg', NULL, NULL, NULL, NULL, '2022-07-12 01:22:23', '2022-07-12 01:22:23'),
(35, 49, 'Gambar1_ID_49.jpg', NULL, NULL, NULL, NULL, '2022-07-12 01:51:32', '2022-07-12 01:51:32'),
(36, 50, 'Gambar1_ID_50.jpg', 'Gambar2_ID_50.jpg', 'Gambar3_ID_50.jpg', NULL, NULL, '2022-07-12 01:56:15', '2022-07-12 01:56:15'),
(37, 51, 'Gambar1_ID_51.jpg', NULL, NULL, NULL, NULL, '2022-07-12 01:58:38', '2022-07-12 01:58:38'),
(38, 52, 'Gambar1_ID_52.jpg', 'Gambar2_ID_52.png', 'Gambar3_ID_52.png', 'Gambar1_ID_52.png', 'Gambar1_ID_52.png', '2022-07-12 02:03:54', '2022-08-05 20:43:20');

-- --------------------------------------------------------

--
-- Table structure for table `iklan`
--

CREATE TABLE `iklan` (
  `id` bigint(20) UNSIGNED NOT NULL,
  `teks` text COLLATE utf8mb4_unicode_ci NOT NULL,
  `ukuran` varchar(15) COLLATE utf8mb4_unicode_ci NOT NULL,
  `gambar` text COLLATE utf8mb4_unicode_ci NOT NULL,
  `created_at` timestamp NULL DEFAULT NULL,
  `updated_at` timestamp NULL DEFAULT NULL
) ENGINE=InnoDB DEFAULT CHARSET=utf8mb4 COLLATE=utf8mb4_unicode_ci;

--
-- Dumping data for table `iklan`
--

INSERT INTO `iklan` (`id`, `teks`, `ukuran`, `gambar`, `created_at`, `updated_at`) VALUES
(1, '<p><span style=\"color:#000000\"><span style=\"font-size:20px\">KURTA SULAIMAN</span><br />\r\n<span style=\"font-size:20px\"><strong>BEST SELLING KURTA</strong></span></span></p>', '576x260', 'Iklan_576x26049637.png', '2022-07-12 04:47:38', '2022-07-12 06:15:41'),
(4, '<p><span style=\"color:#ecf0f1\"><span style=\"font-size:20px\"><strong>Jum&#39;at Berkah</strong><br />\r\nDiskon </span><strong><span style=\"font-size:26px\">10%</span></strong><br />\r\n<span style=\"font-size:20px\">All Item</span></span></p>', '576x260', 'Iklan_576x26079450.png', '2022-07-12 05:49:26', '2022-07-12 06:11:16');

-- --------------------------------------------------------

--
-- Table structure for table `kategori`
--

CREATE TABLE `kategori` (
  `id` bigint(11) UNSIGNED NOT NULL,
  `name` varchar(50) COLLATE utf8mb4_unicode_ci NOT NULL,
  `slug` varchar(50) COLLATE utf8mb4_unicode_ci NOT NULL,
  `gambar` text COLLATE utf8mb4_unicode_ci NOT NULL,
  `created_at` timestamp NULL DEFAULT NULL,
  `updated_at` timestamp NULL DEFAULT NULL
) ENGINE=InnoDB DEFAULT CHARSET=utf8mb4 COLLATE=utf8mb4_unicode_ci;

--
-- Dumping data for table `kategori`
--

INSERT INTO `kategori` (`id`, `name`, `slug`, `gambar`, `created_at`, `updated_at`) VALUES
(26, 'Kurta', 'kurta', 'Kategori_26.jpg', '2022-06-15 07:02:34', '2022-06-15 07:06:09'),
(27, 'Jacket', 'jacket', 'Kategori_27.jpg', '2022-06-15 07:03:57', '2022-06-15 07:08:37'),
(29, 'Kaos', 'kaos', 'Kategori_29.jpg', '2022-06-15 07:09:16', '2022-06-15 07:18:54'),
(31, 'Topi', 'topi', 'Kategori_Kategori_Kategori_LPej.jpg.jpg.jpg', '2022-06-15 07:45:59', '2022-06-15 07:49:27'),
(32, 'Tumbler', 'tumbler', 'Kategori_YBn4.jpg', '2022-06-15 07:49:58', '2022-06-15 07:49:58'),
(33, 'Gamis', 'gamis', 'Kategori_qFks.jpg', '2022-06-15 07:50:13', '2022-06-15 07:50:13');

-- --------------------------------------------------------

--
-- Table structure for table `keranjang`
--

CREATE TABLE `keranjang` (
  `id` bigint(11) UNSIGNED NOT NULL,
  `session_id` varchar(255) COLLATE utf8mb4_unicode_ci NOT NULL,
  `user_id` bigint(11) UNSIGNED NOT NULL,
  `produk_id` int(11) NOT NULL,
  `ukuran` varchar(6) COLLATE utf8mb4_unicode_ci NOT NULL,
  `berat` int(11) NOT NULL,
  `kuantitas` int(11) NOT NULL,
  `harga` int(11) NOT NULL,
  `created_at` timestamp NULL DEFAULT NULL,
  `expired` text COLLATE utf8mb4_unicode_ci DEFAULT NULL,
  `updated_at` timestamp NULL DEFAULT NULL
) ENGINE=InnoDB DEFAULT CHARSET=utf8mb4 COLLATE=utf8mb4_unicode_ci;

-- --------------------------------------------------------

--
-- Table structure for table `kota`
--

CREATE TABLE `kota` (
  `id` bigint(11) UNSIGNED NOT NULL,
  `name` varchar(50) COLLATE utf8mb4_unicode_ci NOT NULL,
  `provinsi_id` bigint(7) UNSIGNED NOT NULL,
  `created_at` timestamp NULL DEFAULT NULL,
  `updated_at` timestamp NULL DEFAULT NULL
) ENGINE=InnoDB DEFAULT CHARSET=utf8mb4 COLLATE=utf8mb4_unicode_ci;

--
-- Dumping data for table `kota`
--

INSERT INTO `kota` (`id`, `name`, `provinsi_id`, `created_at`, `updated_at`) VALUES
(1, 'Aceh Barat', 21, '2022-05-24 22:34:10', '2022-05-24 22:34:10'),
(2, 'Aceh Barat Daya', 21, '2022-05-24 22:34:10', '2022-05-24 22:34:10'),
(3, 'Aceh Besar', 21, '2022-05-24 22:34:10', '2022-05-24 22:34:10'),
(4, 'Aceh Jaya', 21, '2022-05-24 22:34:10', '2022-05-24 22:34:10'),
(5, 'Aceh Selatan', 21, '2022-05-24 22:34:10', '2022-05-24 22:34:10'),
(6, 'Aceh Singkil', 21, '2022-05-24 22:34:10', '2022-05-24 22:34:10'),
(7, 'Aceh Tamiang', 21, '2022-05-24 22:34:10', '2022-05-24 22:34:10'),
(8, 'Aceh Tengah', 21, '2022-05-24 22:34:10', '2022-05-24 22:34:10'),
(9, 'Aceh Tenggara', 21, '2022-05-24 22:34:10', '2022-05-24 22:34:10'),
(10, 'Aceh Timur', 21, '2022-05-24 22:34:11', '2022-05-24 22:34:11'),
(11, 'Aceh Utara', 21, '2022-05-24 22:34:11', '2022-05-24 22:34:11'),
(12, 'Agam', 32, '2022-05-24 22:34:33', '2022-05-24 22:34:33'),
(13, 'Alor', 23, '2022-05-24 22:34:14', '2022-05-24 22:34:14'),
(14, 'Ambon', 19, '2022-05-24 22:34:07', '2022-05-24 22:34:07'),
(15, 'Asahan', 34, '2022-05-24 22:34:38', '2022-05-24 22:34:38'),
(16, 'Asmat', 24, '2022-05-24 22:34:17', '2022-05-24 22:34:17'),
(17, 'Badung', 1, '2022-05-24 22:33:27', '2022-05-24 22:33:27'),
(18, 'Balangan', 13, '2022-05-24 22:33:56', '2022-05-24 22:33:56'),
(19, 'Balikpapan', 15, '2022-05-24 22:34:00', '2022-05-24 22:34:00'),
(20, 'Banda Aceh', 21, '2022-05-24 22:34:11', '2022-05-24 22:34:11'),
(21, 'Bandar Lampung', 18, '2022-05-24 22:34:05', '2022-05-24 22:34:05'),
(22, 'Bandung', 9, '2022-05-24 22:33:42', '2022-05-24 22:33:42'),
(23, 'Bandung', 9, '2022-05-24 22:33:42', '2022-05-24 22:33:42'),
(24, 'Bandung Barat', 9, '2022-05-24 22:33:42', '2022-05-24 22:33:42'),
(25, 'Banggai', 29, '2022-05-24 22:34:28', '2022-05-24 22:34:28'),
(26, 'Banggai Kepulauan', 29, '2022-05-24 22:34:28', '2022-05-24 22:34:28'),
(27, 'Bangka', 2, '2022-05-24 22:33:29', '2022-05-24 22:33:29'),
(28, 'Bangka Barat', 2, '2022-05-24 22:33:29', '2022-05-24 22:33:29'),
(29, 'Bangka Selatan', 2, '2022-05-24 22:33:29', '2022-05-24 22:33:29'),
(30, 'Bangka Tengah', 2, '2022-05-24 22:33:29', '2022-05-24 22:33:29'),
(31, 'Bangkalan', 11, '2022-05-24 22:33:51', '2022-05-24 22:33:51'),
(32, 'Bangli', 1, '2022-05-24 22:33:27', '2022-05-24 22:33:27'),
(33, 'Banjar', 13, '2022-05-24 22:33:56', '2022-05-24 22:33:56'),
(34, 'Banjar', 9, '2022-05-24 22:33:42', '2022-05-24 22:33:42'),
(35, 'Banjarbaru', 13, '2022-05-24 22:33:56', '2022-05-24 22:33:56'),
(36, 'Banjarmasin', 13, '2022-05-24 22:33:56', '2022-05-24 22:33:56'),
(37, 'Banjarnegara', 10, '2022-05-24 22:33:47', '2022-05-24 22:33:47'),
(38, 'Bantaeng', 28, '2022-05-24 22:34:25', '2022-05-24 22:34:25'),
(39, 'Bantul', 5, '2022-05-24 22:33:34', '2022-05-24 22:33:34'),
(40, 'Banyuasin', 33, '2022-05-24 22:34:36', '2022-05-24 22:34:36'),
(41, 'Banyumas', 10, '2022-05-24 22:33:47', '2022-05-24 22:33:47'),
(42, 'Banyuwangi', 11, '2022-05-24 22:33:51', '2022-05-24 22:33:51'),
(43, 'Barito Kuala', 13, '2022-05-24 22:33:56', '2022-05-24 22:33:56'),
(44, 'Barito Selatan', 14, '2022-05-24 22:33:58', '2022-05-24 22:33:58'),
(45, 'Barito Timur', 14, '2022-05-24 22:33:58', '2022-05-24 22:33:58'),
(46, 'Barito Utara', 14, '2022-05-24 22:33:58', '2022-05-24 22:33:58'),
(47, 'Barru', 28, '2022-05-24 22:34:25', '2022-05-24 22:34:25'),
(48, 'Batam', 17, '2022-05-24 22:34:03', '2022-05-24 22:34:03'),
(49, 'Batang', 10, '2022-05-24 22:33:47', '2022-05-24 22:33:47'),
(50, 'Batang Hari', 8, '2022-05-24 22:33:39', '2022-05-24 22:33:39'),
(51, 'Batu', 11, '2022-05-24 22:33:51', '2022-05-24 22:33:51'),
(52, 'Batu Bara', 34, '2022-05-24 22:34:38', '2022-05-24 22:34:38'),
(53, 'Bau-Bau', 30, '2022-05-24 22:34:30', '2022-05-24 22:34:30'),
(54, 'Bekasi', 9, '2022-05-24 22:33:42', '2022-05-24 22:33:42'),
(55, 'Bekasi', 9, '2022-05-24 22:33:42', '2022-05-24 22:33:42'),
(56, 'Belitung', 2, '2022-05-24 22:33:29', '2022-05-24 22:33:29'),
(57, 'Belitung Timur', 2, '2022-05-24 22:33:29', '2022-05-24 22:33:29'),
(58, 'Belu', 23, '2022-05-24 22:34:14', '2022-05-24 22:34:14'),
(59, 'Bener Meriah', 21, '2022-05-24 22:34:11', '2022-05-24 22:34:11'),
(60, 'Bengkalis', 26, '2022-05-24 22:34:22', '2022-05-24 22:34:22'),
(61, 'Bengkayang', 12, '2022-05-24 22:33:54', '2022-05-24 22:33:54'),
(62, 'Bengkulu', 4, '2022-05-24 22:33:33', '2022-05-24 22:33:33'),
(63, 'Bengkulu Selatan', 4, '2022-05-24 22:33:33', '2022-05-24 22:33:33'),
(64, 'Bengkulu Tengah', 4, '2022-05-24 22:33:33', '2022-05-24 22:33:33'),
(65, 'Bengkulu Utara', 4, '2022-05-24 22:33:33', '2022-05-24 22:33:33'),
(66, 'Berau', 15, '2022-05-24 22:34:00', '2022-05-24 22:34:00'),
(67, 'Biak Numfor', 24, '2022-05-24 22:34:17', '2022-05-24 22:34:17'),
(68, 'Bima', 22, '2022-05-24 22:34:13', '2022-05-24 22:34:13'),
(69, 'Bima', 22, '2022-05-24 22:34:13', '2022-05-24 22:34:13'),
(70, 'Binjai', 34, '2022-05-24 22:34:38', '2022-05-24 22:34:38'),
(71, 'Bintan', 17, '2022-05-24 22:34:03', '2022-05-24 22:34:03'),
(72, 'Bireuen', 21, '2022-05-24 22:34:11', '2022-05-24 22:34:11'),
(73, 'Bitung', 31, '2022-05-24 22:34:32', '2022-05-24 22:34:32'),
(74, 'Blitar', 11, '2022-05-24 22:33:51', '2022-05-24 22:33:51'),
(75, 'Blitar', 11, '2022-05-24 22:33:51', '2022-05-24 22:33:51'),
(76, 'Blora', 10, '2022-05-24 22:33:47', '2022-05-24 22:33:47'),
(77, 'Boalemo', 7, '2022-05-24 22:33:37', '2022-05-24 22:33:37'),
(78, 'Bogor', 9, '2022-05-24 22:33:43', '2022-05-24 22:33:43'),
(79, 'Bogor', 9, '2022-05-24 22:33:43', '2022-05-24 22:33:43'),
(80, 'Bojonegoro', 11, '2022-05-24 22:33:51', '2022-05-24 22:33:51'),
(81, 'Bolaang Mongondow (Bolmong)', 31, '2022-05-24 22:34:32', '2022-05-24 22:34:32'),
(82, 'Bolaang Mongondow Selatan', 31, '2022-05-24 22:34:32', '2022-05-24 22:34:32'),
(83, 'Bolaang Mongondow Timur', 31, '2022-05-24 22:34:32', '2022-05-24 22:34:32'),
(84, 'Bolaang Mongondow Utara', 31, '2022-05-24 22:34:32', '2022-05-24 22:34:32'),
(85, 'Bombana', 30, '2022-05-24 22:34:30', '2022-05-24 22:34:30'),
(86, 'Bondowoso', 11, '2022-05-24 22:33:51', '2022-05-24 22:33:51'),
(87, 'Bone', 28, '2022-05-24 22:34:25', '2022-05-24 22:34:25'),
(88, 'Bone Bolango', 7, '2022-05-24 22:33:37', '2022-05-24 22:33:37'),
(89, 'Bontang', 15, '2022-05-24 22:34:00', '2022-05-24 22:34:00'),
(90, 'Boven Digoel', 24, '2022-05-24 22:34:17', '2022-05-24 22:34:17'),
(91, 'Boyolali', 10, '2022-05-24 22:33:47', '2022-05-24 22:33:47'),
(92, 'Brebes', 10, '2022-05-24 22:33:47', '2022-05-24 22:33:47'),
(93, 'Bukittinggi', 32, '2022-05-24 22:34:33', '2022-05-24 22:34:33'),
(94, 'Buleleng', 1, '2022-05-24 22:33:27', '2022-05-24 22:33:27'),
(95, 'Bulukumba', 28, '2022-05-24 22:34:25', '2022-05-24 22:34:25'),
(96, 'Bulungan (Bulongan)', 16, '2022-05-24 22:34:02', '2022-05-24 22:34:02'),
(97, 'Bungo', 8, '2022-05-24 22:33:39', '2022-05-24 22:33:39'),
(98, 'Buol', 29, '2022-05-24 22:34:28', '2022-05-24 22:34:28'),
(99, 'Buru', 19, '2022-05-24 22:34:07', '2022-05-24 22:34:07'),
(100, 'Buru Selatan', 19, '2022-05-24 22:34:07', '2022-05-24 22:34:07'),
(101, 'Buton', 30, '2022-05-24 22:34:30', '2022-05-24 22:34:30'),
(102, 'Buton Utara', 30, '2022-05-24 22:34:30', '2022-05-24 22:34:30'),
(103, 'Ciamis', 9, '2022-05-24 22:33:43', '2022-05-24 22:33:43'),
(104, 'Cianjur', 9, '2022-05-24 22:33:43', '2022-05-24 22:33:43'),
(105, 'Cilacap', 10, '2022-05-24 22:33:47', '2022-05-24 22:33:47'),
(106, 'Cilegon', 3, '2022-05-24 22:33:31', '2022-05-24 22:33:31'),
(107, 'Cimahi', 9, '2022-05-24 22:33:43', '2022-05-24 22:33:43'),
(108, 'Cirebon', 9, '2022-05-24 22:33:43', '2022-05-24 22:33:43'),
(109, 'Cirebon', 9, '2022-05-24 22:33:43', '2022-05-24 22:33:43'),
(110, 'Dairi', 34, '2022-05-24 22:34:38', '2022-05-24 22:34:38'),
(111, 'Deiyai (Deliyai)', 24, '2022-05-24 22:34:17', '2022-05-24 22:34:17'),
(112, 'Deli Serdang', 34, '2022-05-24 22:34:38', '2022-05-24 22:34:38'),
(113, 'Demak', 10, '2022-05-24 22:33:47', '2022-05-24 22:33:47'),
(114, 'Denpasar', 1, '2022-05-24 22:33:27', '2022-05-24 22:33:27'),
(115, 'Depok', 9, '2022-05-24 22:33:43', '2022-05-24 22:33:43'),
(116, 'Dharmasraya', 32, '2022-05-24 22:34:33', '2022-05-24 22:34:33'),
(117, 'Dogiyai', 24, '2022-05-24 22:34:17', '2022-05-24 22:34:17'),
(118, 'Dompu', 22, '2022-05-24 22:34:13', '2022-05-24 22:34:13'),
(119, 'Donggala', 29, '2022-05-24 22:34:28', '2022-05-24 22:34:28'),
(120, 'Dumai', 26, '2022-05-24 22:34:22', '2022-05-24 22:34:22'),
(121, 'Empat Lawang', 33, '2022-05-24 22:34:36', '2022-05-24 22:34:36'),
(122, 'Ende', 23, '2022-05-24 22:34:15', '2022-05-24 22:34:15'),
(123, 'Enrekang', 28, '2022-05-24 22:34:25', '2022-05-24 22:34:25'),
(124, 'Fakfak', 25, '2022-05-24 22:34:20', '2022-05-24 22:34:20'),
(125, 'Flores Timur', 23, '2022-05-24 22:34:15', '2022-05-24 22:34:15'),
(126, 'Garut', 9, '2022-05-24 22:33:43', '2022-05-24 22:33:43'),
(127, 'Gayo Lues', 21, '2022-05-24 22:34:11', '2022-05-24 22:34:11'),
(128, 'Gianyar', 1, '2022-05-24 22:33:27', '2022-05-24 22:33:27'),
(129, 'Gorontalo', 7, '2022-05-24 22:33:37', '2022-05-24 22:33:37'),
(130, 'Gorontalo', 7, '2022-05-24 22:33:38', '2022-05-24 22:33:38'),
(131, 'Gorontalo Utara', 7, '2022-05-24 22:33:38', '2022-05-24 22:33:38'),
(132, 'Gowa', 28, '2022-05-24 22:34:25', '2022-05-24 22:34:25'),
(133, 'Gresik', 11, '2022-05-24 22:33:51', '2022-05-24 22:33:51'),
(134, 'Grobogan', 10, '2022-05-24 22:33:48', '2022-05-24 22:33:48'),
(135, 'Gunung Kidul', 5, '2022-05-24 22:33:34', '2022-05-24 22:33:34'),
(136, 'Gunung Mas', 14, '2022-05-24 22:33:58', '2022-05-24 22:33:58'),
(137, 'Gunungsitoli', 34, '2022-05-24 22:34:38', '2022-05-24 22:34:38'),
(138, 'Halmahera Barat', 20, '2022-05-24 22:34:08', '2022-05-24 22:34:08'),
(139, 'Halmahera Selatan', 20, '2022-05-24 22:34:08', '2022-05-24 22:34:08'),
(140, 'Halmahera Tengah', 20, '2022-05-24 22:34:08', '2022-05-24 22:34:08'),
(141, 'Halmahera Timur', 20, '2022-05-24 22:34:08', '2022-05-24 22:34:08'),
(142, 'Halmahera Utara', 20, '2022-05-24 22:34:09', '2022-05-24 22:34:09'),
(143, 'Hulu Sungai Selatan', 13, '2022-05-24 22:33:56', '2022-05-24 22:33:56'),
(144, 'Hulu Sungai Tengah', 13, '2022-05-24 22:33:56', '2022-05-24 22:33:56'),
(145, 'Hulu Sungai Utara', 13, '2022-05-24 22:33:56', '2022-05-24 22:33:56'),
(146, 'Humbang Hasundutan', 34, '2022-05-24 22:34:38', '2022-05-24 22:34:38'),
(147, 'Indragiri Hilir', 26, '2022-05-24 22:34:22', '2022-05-24 22:34:22'),
(148, 'Indragiri Hulu', 26, '2022-05-24 22:34:22', '2022-05-24 22:34:22'),
(149, 'Indramayu', 9, '2022-05-24 22:33:43', '2022-05-24 22:33:43'),
(150, 'Intan Jaya', 24, '2022-05-24 22:34:17', '2022-05-24 22:34:17'),
(151, 'Jakarta Barat', 6, '2022-05-24 22:33:36', '2022-05-24 22:33:36'),
(152, 'Jakarta Pusat', 6, '2022-05-24 22:33:36', '2022-05-24 22:33:36'),
(153, 'Jakarta Selatan', 6, '2022-05-24 22:33:36', '2022-05-24 22:33:36'),
(154, 'Jakarta Timur', 6, '2022-05-24 22:33:36', '2022-05-24 22:33:36'),
(155, 'Jakarta Utara', 6, '2022-05-24 22:33:36', '2022-05-24 22:33:36'),
(156, 'Jambi', 8, '2022-05-24 22:33:39', '2022-05-24 22:33:39'),
(157, 'Jayapura', 24, '2022-05-24 22:34:17', '2022-05-24 22:34:17'),
(158, 'Jayapura', 24, '2022-05-24 22:34:17', '2022-05-24 22:34:17'),
(159, 'Jayawijaya', 24, '2022-05-24 22:34:17', '2022-05-24 22:34:17'),
(160, 'Jember', 11, '2022-05-24 22:33:51', '2022-05-24 22:33:51'),
(161, 'Jembrana', 1, '2022-05-24 22:33:27', '2022-05-24 22:33:27'),
(162, 'Jeneponto', 28, '2022-05-24 22:34:25', '2022-05-24 22:34:25'),
(163, 'Jepara', 10, '2022-05-24 22:33:48', '2022-05-24 22:33:48'),
(164, 'Jombang', 11, '2022-05-24 22:33:51', '2022-05-24 22:33:51'),
(165, 'Kaimana', 25, '2022-05-24 22:34:20', '2022-05-24 22:34:20'),
(166, 'Kampar', 26, '2022-05-24 22:34:22', '2022-05-24 22:34:22'),
(167, 'Kapuas', 14, '2022-05-24 22:33:58', '2022-05-24 22:33:58'),
(168, 'Kapuas Hulu', 12, '2022-05-24 22:33:54', '2022-05-24 22:33:54'),
(169, 'Karanganyar', 10, '2022-05-24 22:33:48', '2022-05-24 22:33:48'),
(170, 'Karangasem', 1, '2022-05-24 22:33:27', '2022-05-24 22:33:27'),
(171, 'Karawang', 9, '2022-05-24 22:33:43', '2022-05-24 22:33:43'),
(172, 'Karimun', 17, '2022-05-24 22:34:03', '2022-05-24 22:34:03'),
(173, 'Karo', 34, '2022-05-24 22:34:38', '2022-05-24 22:34:38'),
(174, 'Katingan', 14, '2022-05-24 22:33:58', '2022-05-24 22:33:58'),
(175, 'Kaur', 4, '2022-05-24 22:33:33', '2022-05-24 22:33:33'),
(176, 'Kayong Utara', 12, '2022-05-24 22:33:54', '2022-05-24 22:33:54'),
(177, 'Kebumen', 10, '2022-05-24 22:33:48', '2022-05-24 22:33:48'),
(178, 'Kediri', 11, '2022-05-24 22:33:51', '2022-05-24 22:33:51'),
(179, 'Kediri', 11, '2022-05-24 22:33:51', '2022-05-24 22:33:51'),
(180, 'Keerom', 24, '2022-05-24 22:34:17', '2022-05-24 22:34:17'),
(181, 'Kendal', 10, '2022-05-24 22:33:48', '2022-05-24 22:33:48'),
(182, 'Kendari', 30, '2022-05-24 22:34:30', '2022-05-24 22:34:30'),
(183, 'Kepahiang', 4, '2022-05-24 22:33:33', '2022-05-24 22:33:33'),
(184, 'Kepulauan Anambas', 17, '2022-05-24 22:34:03', '2022-05-24 22:34:03'),
(185, 'Kepulauan Aru', 19, '2022-05-24 22:34:07', '2022-05-24 22:34:07'),
(186, 'Kepulauan Mentawai', 32, '2022-05-24 22:34:34', '2022-05-24 22:34:34'),
(187, 'Kepulauan Meranti', 26, '2022-05-24 22:34:22', '2022-05-24 22:34:22'),
(188, 'Kepulauan Sangihe', 31, '2022-05-24 22:34:32', '2022-05-24 22:34:32'),
(189, 'Kepulauan Seribu', 6, '2022-05-24 22:33:36', '2022-05-24 22:33:36'),
(190, 'Kepulauan Siau Tagulandang Biaro (Sitaro)', 31, '2022-05-24 22:34:32', '2022-05-24 22:34:32'),
(191, 'Kepulauan Sula', 20, '2022-05-24 22:34:09', '2022-05-24 22:34:09'),
(192, 'Kepulauan Talaud', 31, '2022-05-24 22:34:32', '2022-05-24 22:34:32'),
(193, 'Kepulauan Yapen (Yapen Waropen)', 24, '2022-05-24 22:34:17', '2022-05-24 22:34:17'),
(194, 'Kerinci', 8, '2022-05-24 22:33:39', '2022-05-24 22:33:39'),
(195, 'Ketapang', 12, '2022-05-24 22:33:54', '2022-05-24 22:33:54'),
(196, 'Klaten', 10, '2022-05-24 22:33:48', '2022-05-24 22:33:48'),
(197, 'Klungkung', 1, '2022-05-24 22:33:28', '2022-05-24 22:33:28'),
(198, 'Kolaka', 30, '2022-05-24 22:34:30', '2022-05-24 22:34:30'),
(199, 'Kolaka Utara', 30, '2022-05-24 22:34:30', '2022-05-24 22:34:30'),
(200, 'Konawe', 30, '2022-05-24 22:34:30', '2022-05-24 22:34:30'),
(201, 'Konawe Selatan', 30, '2022-05-24 22:34:30', '2022-05-24 22:34:30'),
(202, 'Konawe Utara', 30, '2022-05-24 22:34:30', '2022-05-24 22:34:30'),
(203, 'Kotabaru', 13, '2022-05-24 22:33:56', '2022-05-24 22:33:56'),
(204, 'Kotamobagu', 31, '2022-05-24 22:34:32', '2022-05-24 22:34:32'),
(205, 'Kotawaringin Barat', 14, '2022-05-24 22:33:58', '2022-05-24 22:33:58'),
(206, 'Kotawaringin Timur', 14, '2022-05-24 22:33:58', '2022-05-24 22:33:58'),
(207, 'Kuantan Singingi', 26, '2022-05-24 22:34:22', '2022-05-24 22:34:22'),
(208, 'Kubu Raya', 12, '2022-05-24 22:33:54', '2022-05-24 22:33:54'),
(209, 'Kudus', 10, '2022-05-24 22:33:48', '2022-05-24 22:33:48'),
(210, 'Kulon Progo', 5, '2022-05-24 22:33:34', '2022-05-24 22:33:34'),
(211, 'Kuningan', 9, '2022-05-24 22:33:43', '2022-05-24 22:33:43'),
(212, 'Kupang', 23, '2022-05-24 22:34:15', '2022-05-24 22:34:15'),
(213, 'Kupang', 23, '2022-05-24 22:34:15', '2022-05-24 22:34:15'),
(214, 'Kutai Barat', 15, '2022-05-24 22:34:00', '2022-05-24 22:34:00'),
(215, 'Kutai Kartanegara', 15, '2022-05-24 22:34:00', '2022-05-24 22:34:00'),
(216, 'Kutai Timur', 15, '2022-05-24 22:34:00', '2022-05-24 22:34:00'),
(217, 'Labuhan Batu', 34, '2022-05-24 22:34:38', '2022-05-24 22:34:38'),
(218, 'Labuhan Batu Selatan', 34, '2022-05-24 22:34:38', '2022-05-24 22:34:38'),
(219, 'Labuhan Batu Utara', 34, '2022-05-24 22:34:38', '2022-05-24 22:34:38'),
(220, 'Lahat', 33, '2022-05-24 22:34:36', '2022-05-24 22:34:36'),
(221, 'Lamandau', 14, '2022-05-24 22:33:58', '2022-05-24 22:33:58'),
(222, 'Lamongan', 11, '2022-05-24 22:33:51', '2022-05-24 22:33:51'),
(223, 'Lampung Barat', 18, '2022-05-24 22:34:05', '2022-05-24 22:34:05'),
(224, 'Lampung Selatan', 18, '2022-05-24 22:34:05', '2022-05-24 22:34:05'),
(225, 'Lampung Tengah', 18, '2022-05-24 22:34:05', '2022-05-24 22:34:05'),
(226, 'Lampung Timur', 18, '2022-05-24 22:34:05', '2022-05-24 22:34:05'),
(227, 'Lampung Utara', 18, '2022-05-24 22:34:05', '2022-05-24 22:34:05'),
(228, 'Landak', 12, '2022-05-24 22:33:54', '2022-05-24 22:33:54'),
(229, 'Langkat', 34, '2022-05-24 22:34:38', '2022-05-24 22:34:38'),
(230, 'Langsa', 21, '2022-05-24 22:34:11', '2022-05-24 22:34:11'),
(231, 'Lanny Jaya', 24, '2022-05-24 22:34:17', '2022-05-24 22:34:17'),
(232, 'Lebak', 3, '2022-05-24 22:33:31', '2022-05-24 22:33:31'),
(233, 'Lebong', 4, '2022-05-24 22:33:33', '2022-05-24 22:33:33'),
(234, 'Lembata', 23, '2022-05-24 22:34:15', '2022-05-24 22:34:15'),
(235, 'Lhokseumawe', 21, '2022-05-24 22:34:11', '2022-05-24 22:34:11'),
(236, 'Lima Puluh Koto/Kota', 32, '2022-05-24 22:34:34', '2022-05-24 22:34:34'),
(237, 'Lingga', 17, '2022-05-24 22:34:03', '2022-05-24 22:34:03'),
(238, 'Lombok Barat', 22, '2022-05-24 22:34:13', '2022-05-24 22:34:13'),
(239, 'Lombok Tengah', 22, '2022-05-24 22:34:13', '2022-05-24 22:34:13'),
(240, 'Lombok Timur', 22, '2022-05-24 22:34:13', '2022-05-24 22:34:13'),
(241, 'Lombok Utara', 22, '2022-05-24 22:34:13', '2022-05-24 22:34:13'),
(242, 'Lubuk Linggau', 33, '2022-05-24 22:34:36', '2022-05-24 22:34:36'),
(243, 'Lumajang', 11, '2022-05-24 22:33:51', '2022-05-24 22:33:51'),
(244, 'Luwu', 28, '2022-05-24 22:34:25', '2022-05-24 22:34:25'),
(245, 'Luwu Timur', 28, '2022-05-24 22:34:25', '2022-05-24 22:34:25'),
(246, 'Luwu Utara', 28, '2022-05-24 22:34:25', '2022-05-24 22:34:25'),
(247, 'Madiun', 11, '2022-05-24 22:33:51', '2022-05-24 22:33:51'),
(248, 'Madiun', 11, '2022-05-24 22:33:51', '2022-05-24 22:33:51'),
(249, 'Magelang', 10, '2022-05-24 22:33:48', '2022-05-24 22:33:48'),
(250, 'Magelang', 10, '2022-05-24 22:33:48', '2022-05-24 22:33:48'),
(251, 'Magetan', 11, '2022-05-24 22:33:51', '2022-05-24 22:33:51'),
(252, 'Majalengka', 9, '2022-05-24 22:33:44', '2022-05-24 22:33:44'),
(253, 'Majene', 27, '2022-05-24 22:34:24', '2022-05-24 22:34:24'),
(254, 'Makassar', 28, '2022-05-24 22:34:26', '2022-05-24 22:34:26'),
(255, 'Malang', 11, '2022-05-24 22:33:51', '2022-05-24 22:33:51'),
(256, 'Malang', 11, '2022-05-24 22:33:51', '2022-05-24 22:33:51'),
(257, 'Malinau', 16, '2022-05-24 22:34:02', '2022-05-24 22:34:02'),
(258, 'Maluku Barat Daya', 19, '2022-05-24 22:34:07', '2022-05-24 22:34:07'),
(259, 'Maluku Tengah', 19, '2022-05-24 22:34:07', '2022-05-24 22:34:07'),
(260, 'Maluku Tenggara', 19, '2022-05-24 22:34:07', '2022-05-24 22:34:07'),
(261, 'Maluku Tenggara Barat', 19, '2022-05-24 22:34:07', '2022-05-24 22:34:07'),
(262, 'Mamasa', 27, '2022-05-24 22:34:24', '2022-05-24 22:34:24'),
(263, 'Mamberamo Raya', 24, '2022-05-24 22:34:17', '2022-05-24 22:34:17'),
(264, 'Mamberamo Tengah', 24, '2022-05-24 22:34:17', '2022-05-24 22:34:17'),
(265, 'Mamuju', 27, '2022-05-24 22:34:24', '2022-05-24 22:34:24'),
(266, 'Mamuju Utara', 27, '2022-05-24 22:34:24', '2022-05-24 22:34:24'),
(267, 'Manado', 31, '2022-05-24 22:34:32', '2022-05-24 22:34:32'),
(268, 'Mandailing Natal', 34, '2022-05-24 22:34:38', '2022-05-24 22:34:38'),
(269, 'Manggarai', 23, '2022-05-24 22:34:15', '2022-05-24 22:34:15'),
(270, 'Manggarai Barat', 23, '2022-05-24 22:34:15', '2022-05-24 22:34:15'),
(271, 'Manggarai Timur', 23, '2022-05-24 22:34:15', '2022-05-24 22:34:15'),
(272, 'Manokwari', 25, '2022-05-24 22:34:20', '2022-05-24 22:34:20'),
(273, 'Manokwari Selatan', 25, '2022-05-24 22:34:20', '2022-05-24 22:34:20'),
(274, 'Mappi', 24, '2022-05-24 22:34:18', '2022-05-24 22:34:18'),
(275, 'Maros', 28, '2022-05-24 22:34:26', '2022-05-24 22:34:26'),
(276, 'Mataram', 22, '2022-05-24 22:34:13', '2022-05-24 22:34:13'),
(277, 'Maybrat', 25, '2022-05-24 22:34:20', '2022-05-24 22:34:20'),
(278, 'Medan', 34, '2022-05-24 22:34:38', '2022-05-24 22:34:38'),
(279, 'Melawi', 12, '2022-05-24 22:33:54', '2022-05-24 22:33:54'),
(280, 'Merangin', 8, '2022-05-24 22:33:39', '2022-05-24 22:33:39'),
(281, 'Merauke', 24, '2022-05-24 22:34:18', '2022-05-24 22:34:18'),
(282, 'Mesuji', 18, '2022-05-24 22:34:05', '2022-05-24 22:34:05'),
(283, 'Metro', 18, '2022-05-24 22:34:05', '2022-05-24 22:34:05'),
(284, 'Mimika', 24, '2022-05-24 22:34:18', '2022-05-24 22:34:18'),
(285, 'Minahasa', 31, '2022-05-24 22:34:32', '2022-05-24 22:34:32'),
(286, 'Minahasa Selatan', 31, '2022-05-24 22:34:32', '2022-05-24 22:34:32'),
(287, 'Minahasa Tenggara', 31, '2022-05-24 22:34:32', '2022-05-24 22:34:32'),
(288, 'Minahasa Utara', 31, '2022-05-24 22:34:32', '2022-05-24 22:34:32'),
(289, 'Mojokerto', 11, '2022-05-24 22:33:51', '2022-05-24 22:33:51'),
(290, 'Mojokerto', 11, '2022-05-24 22:33:51', '2022-05-24 22:33:51'),
(291, 'Morowali', 29, '2022-05-24 22:34:28', '2022-05-24 22:34:28'),
(292, 'Muara Enim', 33, '2022-05-24 22:34:36', '2022-05-24 22:34:36'),
(293, 'Muaro Jambi', 8, '2022-05-24 22:33:39', '2022-05-24 22:33:39'),
(294, 'Muko Muko', 4, '2022-05-24 22:33:33', '2022-05-24 22:33:33'),
(295, 'Muna', 30, '2022-05-24 22:34:30', '2022-05-24 22:34:30'),
(296, 'Murung Raya', 14, '2022-05-24 22:33:58', '2022-05-24 22:33:58'),
(297, 'Musi Banyuasin', 33, '2022-05-24 22:34:36', '2022-05-24 22:34:36'),
(298, 'Musi Rawas', 33, '2022-05-24 22:34:36', '2022-05-24 22:34:36'),
(299, 'Nabire', 24, '2022-05-24 22:34:18', '2022-05-24 22:34:18'),
(300, 'Nagan Raya', 21, '2022-05-24 22:34:11', '2022-05-24 22:34:11'),
(301, 'Nagekeo', 23, '2022-05-24 22:34:15', '2022-05-24 22:34:15'),
(302, 'Natuna', 17, '2022-05-24 22:34:03', '2022-05-24 22:34:03'),
(303, 'Nduga', 24, '2022-05-24 22:34:18', '2022-05-24 22:34:18'),
(304, 'Ngada', 23, '2022-05-24 22:34:15', '2022-05-24 22:34:15'),
(305, 'Nganjuk', 11, '2022-05-24 22:33:52', '2022-05-24 22:33:52'),
(306, 'Ngawi', 11, '2022-05-24 22:33:52', '2022-05-24 22:33:52'),
(307, 'Nias', 34, '2022-05-24 22:34:38', '2022-05-24 22:34:38'),
(308, 'Nias Barat', 34, '2022-05-24 22:34:38', '2022-05-24 22:34:38'),
(309, 'Nias Selatan', 34, '2022-05-24 22:34:38', '2022-05-24 22:34:38'),
(310, 'Nias Utara', 34, '2022-05-24 22:34:38', '2022-05-24 22:34:38'),
(311, 'Nunukan', 16, '2022-05-24 22:34:02', '2022-05-24 22:34:02'),
(312, 'Ogan Ilir', 33, '2022-05-24 22:34:36', '2022-05-24 22:34:36'),
(313, 'Ogan Komering Ilir', 33, '2022-05-24 22:34:36', '2022-05-24 22:34:36'),
(314, 'Ogan Komering Ulu', 33, '2022-05-24 22:34:36', '2022-05-24 22:34:36'),
(315, 'Ogan Komering Ulu Selatan', 33, '2022-05-24 22:34:36', '2022-05-24 22:34:36'),
(316, 'Ogan Komering Ulu Timur', 33, '2022-05-24 22:34:36', '2022-05-24 22:34:36'),
(317, 'Pacitan', 11, '2022-05-24 22:33:52', '2022-05-24 22:33:52'),
(318, 'Padang', 32, '2022-05-24 22:34:34', '2022-05-24 22:34:34'),
(319, 'Padang Lawas', 34, '2022-05-24 22:34:39', '2022-05-24 22:34:39'),
(320, 'Padang Lawas Utara', 34, '2022-05-24 22:34:39', '2022-05-24 22:34:39'),
(321, 'Padang Panjang', 32, '2022-05-24 22:34:34', '2022-05-24 22:34:34'),
(322, 'Padang Pariaman', 32, '2022-05-24 22:34:34', '2022-05-24 22:34:34'),
(323, 'Padang Sidempuan', 34, '2022-05-24 22:34:39', '2022-05-24 22:34:39'),
(324, 'Pagar Alam', 33, '2022-05-24 22:34:36', '2022-05-24 22:34:36'),
(325, 'Pakpak Bharat', 34, '2022-05-24 22:34:39', '2022-05-24 22:34:39'),
(326, 'Palangka Raya', 14, '2022-05-24 22:33:58', '2022-05-24 22:33:58'),
(327, 'Palembang', 33, '2022-05-24 22:34:36', '2022-05-24 22:34:36'),
(328, 'Palopo', 28, '2022-05-24 22:34:26', '2022-05-24 22:34:26'),
(329, 'Palu', 29, '2022-05-24 22:34:28', '2022-05-24 22:34:28'),
(330, 'Pamekasan', 11, '2022-05-24 22:33:52', '2022-05-24 22:33:52'),
(331, 'Pandeglang', 3, '2022-05-24 22:33:31', '2022-05-24 22:33:31'),
(332, 'Pangandaran', 9, '2022-05-24 22:33:44', '2022-05-24 22:33:44'),
(333, 'Pangkajene Kepulauan', 28, '2022-05-24 22:34:26', '2022-05-24 22:34:26'),
(334, 'Pangkal Pinang', 2, '2022-05-24 22:33:29', '2022-05-24 22:33:29'),
(335, 'Paniai', 24, '2022-05-24 22:34:18', '2022-05-24 22:34:18'),
(336, 'Parepare', 28, '2022-05-24 22:34:26', '2022-05-24 22:34:26'),
(337, 'Pariaman', 32, '2022-05-24 22:34:34', '2022-05-24 22:34:34'),
(338, 'Parigi Moutong', 29, '2022-05-24 22:34:28', '2022-05-24 22:34:28'),
(339, 'Pasaman', 32, '2022-05-24 22:34:34', '2022-05-24 22:34:34'),
(340, 'Pasaman Barat', 32, '2022-05-24 22:34:34', '2022-05-24 22:34:34'),
(341, 'Paser', 15, '2022-05-24 22:34:00', '2022-05-24 22:34:00'),
(342, 'Pasuruan', 11, '2022-05-24 22:33:52', '2022-05-24 22:33:52'),
(343, 'Pasuruan', 11, '2022-05-24 22:33:52', '2022-05-24 22:33:52'),
(344, 'Pati', 10, '2022-05-24 22:33:48', '2022-05-24 22:33:48'),
(345, 'Payakumbuh', 32, '2022-05-24 22:34:34', '2022-05-24 22:34:34'),
(346, 'Pegunungan Arfak', 25, '2022-05-24 22:34:20', '2022-05-24 22:34:20'),
(347, 'Pegunungan Bintang', 24, '2022-05-24 22:34:18', '2022-05-24 22:34:18'),
(348, 'Pekalongan', 10, '2022-05-24 22:33:48', '2022-05-24 22:33:48'),
(349, 'Pekalongan', 10, '2022-05-24 22:33:48', '2022-05-24 22:33:48'),
(350, 'Pekanbaru', 26, '2022-05-24 22:34:22', '2022-05-24 22:34:22'),
(351, 'Pelalawan', 26, '2022-05-24 22:34:22', '2022-05-24 22:34:22'),
(352, 'Pemalang', 10, '2022-05-24 22:33:48', '2022-05-24 22:33:48'),
(353, 'Pematang Siantar', 34, '2022-05-24 22:34:39', '2022-05-24 22:34:39'),
(354, 'Penajam Paser Utara', 15, '2022-05-24 22:34:00', '2022-05-24 22:34:00'),
(355, 'Pesawaran', 18, '2022-05-24 22:34:05', '2022-05-24 22:34:05'),
(356, 'Pesisir Barat', 18, '2022-05-24 22:34:05', '2022-05-24 22:34:05'),
(357, 'Pesisir Selatan', 32, '2022-05-24 22:34:34', '2022-05-24 22:34:34'),
(358, 'Pidie', 21, '2022-05-24 22:34:11', '2022-05-24 22:34:11'),
(359, 'Pidie Jaya', 21, '2022-05-24 22:34:11', '2022-05-24 22:34:11'),
(360, 'Pinrang', 28, '2022-05-24 22:34:26', '2022-05-24 22:34:26'),
(361, 'Pohuwato', 7, '2022-05-24 22:33:38', '2022-05-24 22:33:38'),
(362, 'Polewali Mandar', 27, '2022-05-24 22:34:24', '2022-05-24 22:34:24'),
(363, 'Ponorogo', 11, '2022-05-24 22:33:52', '2022-05-24 22:33:52'),
(364, 'Pontianak', 12, '2022-05-24 22:33:54', '2022-05-24 22:33:54'),
(365, 'Pontianak', 12, '2022-05-24 22:33:54', '2022-05-24 22:33:54'),
(366, 'Poso', 29, '2022-05-24 22:34:28', '2022-05-24 22:34:28'),
(367, 'Prabumulih', 33, '2022-05-24 22:34:36', '2022-05-24 22:34:36'),
(368, 'Pringsewu', 18, '2022-05-24 22:34:05', '2022-05-24 22:34:05'),
(369, 'Probolinggo', 11, '2022-05-24 22:33:52', '2022-05-24 22:33:52'),
(370, 'Probolinggo', 11, '2022-05-24 22:33:52', '2022-05-24 22:33:52'),
(371, 'Pulang Pisau', 14, '2022-05-24 22:33:58', '2022-05-24 22:33:58'),
(372, 'Pulau Morotai', 20, '2022-05-24 22:34:09', '2022-05-24 22:34:09'),
(373, 'Puncak', 24, '2022-05-24 22:34:18', '2022-05-24 22:34:18'),
(374, 'Puncak Jaya', 24, '2022-05-24 22:34:18', '2022-05-24 22:34:18'),
(375, 'Purbalingga', 10, '2022-05-24 22:33:49', '2022-05-24 22:33:49'),
(376, 'Purwakarta', 9, '2022-05-24 22:33:44', '2022-05-24 22:33:44'),
(377, 'Purworejo', 10, '2022-05-24 22:33:49', '2022-05-24 22:33:49'),
(378, 'Raja Ampat', 25, '2022-05-24 22:34:20', '2022-05-24 22:34:20'),
(379, 'Rejang Lebong', 4, '2022-05-24 22:33:33', '2022-05-24 22:33:33'),
(380, 'Rembang', 10, '2022-05-24 22:33:49', '2022-05-24 22:33:49'),
(381, 'Rokan Hilir', 26, '2022-05-24 22:34:22', '2022-05-24 22:34:22'),
(382, 'Rokan Hulu', 26, '2022-05-24 22:34:22', '2022-05-24 22:34:22'),
(383, 'Rote Ndao', 23, '2022-05-24 22:34:15', '2022-05-24 22:34:15'),
(384, 'Sabang', 21, '2022-05-24 22:34:11', '2022-05-24 22:34:11'),
(385, 'Sabu Raijua', 23, '2022-05-24 22:34:15', '2022-05-24 22:34:15'),
(386, 'Salatiga', 10, '2022-05-24 22:33:49', '2022-05-24 22:33:49'),
(387, 'Samarinda', 15, '2022-05-24 22:34:00', '2022-05-24 22:34:00'),
(388, 'Sambas', 12, '2022-05-24 22:33:54', '2022-05-24 22:33:54'),
(389, 'Samosir', 34, '2022-05-24 22:34:39', '2022-05-24 22:34:39'),
(390, 'Sampang', 11, '2022-05-24 22:33:52', '2022-05-24 22:33:52'),
(391, 'Sanggau', 12, '2022-05-24 22:33:54', '2022-05-24 22:33:54'),
(392, 'Sarmi', 24, '2022-05-24 22:34:18', '2022-05-24 22:34:18'),
(393, 'Sarolangun', 8, '2022-05-24 22:33:40', '2022-05-24 22:33:40'),
(394, 'Sawah Lunto', 32, '2022-05-24 22:34:34', '2022-05-24 22:34:34'),
(395, 'Sekadau', 12, '2022-05-24 22:33:54', '2022-05-24 22:33:54'),
(396, 'Selayar (Kepulauan Selayar)', 28, '2022-05-24 22:34:26', '2022-05-24 22:34:26'),
(397, 'Seluma', 4, '2022-05-24 22:33:33', '2022-05-24 22:33:33'),
(398, 'Semarang', 10, '2022-05-24 22:33:49', '2022-05-24 22:33:49'),
(399, 'Semarang', 10, '2022-05-24 22:33:49', '2022-05-24 22:33:49'),
(400, 'Seram Bagian Barat', 19, '2022-05-24 22:34:07', '2022-05-24 22:34:07'),
(401, 'Seram Bagian Timur', 19, '2022-05-24 22:34:07', '2022-05-24 22:34:07'),
(402, 'Serang', 3, '2022-05-24 22:33:31', '2022-05-24 22:33:31'),
(403, 'Serang', 3, '2022-05-24 22:33:31', '2022-05-24 22:33:31'),
(404, 'Serdang Bedagai', 34, '2022-05-24 22:34:39', '2022-05-24 22:34:39'),
(405, 'Seruyan', 14, '2022-05-24 22:33:58', '2022-05-24 22:33:58'),
(406, 'Siak', 26, '2022-05-24 22:34:22', '2022-05-24 22:34:22'),
(407, 'Sibolga', 34, '2022-05-24 22:34:39', '2022-05-24 22:34:39'),
(408, 'Sidenreng Rappang/Rapang', 28, '2022-05-24 22:34:26', '2022-05-24 22:34:26'),
(409, 'Sidoarjo', 11, '2022-05-24 22:33:52', '2022-05-24 22:33:52'),
(410, 'Sigi', 29, '2022-05-24 22:34:28', '2022-05-24 22:34:28'),
(411, 'Sijunjung (Sawah Lunto Sijunjung)', 32, '2022-05-24 22:34:34', '2022-05-24 22:34:34'),
(412, 'Sikka', 23, '2022-05-24 22:34:15', '2022-05-24 22:34:15'),
(413, 'Simalungun', 34, '2022-05-24 22:34:39', '2022-05-24 22:34:39'),
(414, 'Simeulue', 21, '2022-05-24 22:34:11', '2022-05-24 22:34:11'),
(415, 'Singkawang', 12, '2022-05-24 22:33:54', '2022-05-24 22:33:54'),
(416, 'Sinjai', 28, '2022-05-24 22:34:26', '2022-05-24 22:34:26'),
(417, 'Sintang', 12, '2022-05-24 22:33:55', '2022-05-24 22:33:55'),
(418, 'Situbondo', 11, '2022-05-24 22:33:52', '2022-05-24 22:33:52'),
(419, 'Sleman', 5, '2022-05-24 22:33:35', '2022-05-24 22:33:35'),
(420, 'Solok', 32, '2022-05-24 22:34:34', '2022-05-24 22:34:34'),
(421, 'Solok', 32, '2022-05-24 22:34:34', '2022-05-24 22:34:34'),
(422, 'Solok Selatan', 32, '2022-05-24 22:34:34', '2022-05-24 22:34:34'),
(423, 'Soppeng', 28, '2022-05-24 22:34:26', '2022-05-24 22:34:26'),
(424, 'Sorong', 25, '2022-05-24 22:34:20', '2022-05-24 22:34:20'),
(425, 'Sorong', 25, '2022-05-24 22:34:20', '2022-05-24 22:34:20'),
(426, 'Sorong Selatan', 25, '2022-05-24 22:34:20', '2022-05-24 22:34:20'),
(427, 'Sragen', 10, '2022-05-24 22:33:49', '2022-05-24 22:33:49'),
(428, 'Subang', 9, '2022-05-24 22:33:45', '2022-05-24 22:33:45'),
(429, 'Subulussalam', 21, '2022-05-24 22:34:11', '2022-05-24 22:34:11'),
(430, 'Sukabumi', 9, '2022-05-24 22:33:45', '2022-05-24 22:33:45'),
(431, 'Sukabumi', 9, '2022-05-24 22:33:45', '2022-05-24 22:33:45'),
(432, 'Sukamara', 14, '2022-05-24 22:33:58', '2022-05-24 22:33:58'),
(433, 'Sukoharjo', 10, '2022-05-24 22:33:49', '2022-05-24 22:33:49'),
(434, 'Sumba Barat', 23, '2022-05-24 22:34:15', '2022-05-24 22:34:15'),
(435, 'Sumba Barat Daya', 23, '2022-05-24 22:34:15', '2022-05-24 22:34:15'),
(436, 'Sumba Tengah', 23, '2022-05-24 22:34:15', '2022-05-24 22:34:15'),
(437, 'Sumba Timur', 23, '2022-05-24 22:34:15', '2022-05-24 22:34:15'),
(438, 'Sumbawa', 22, '2022-05-24 22:34:13', '2022-05-24 22:34:13'),
(439, 'Sumbawa Barat', 22, '2022-05-24 22:34:13', '2022-05-24 22:34:13'),
(440, 'Sumedang', 9, '2022-05-24 22:33:46', '2022-05-24 22:33:46'),
(441, 'Sumenep', 11, '2022-05-24 22:33:52', '2022-05-24 22:33:52'),
(442, 'Sungaipenuh', 8, '2022-05-24 22:33:40', '2022-05-24 22:33:40'),
(443, 'Supiori', 24, '2022-05-24 22:34:18', '2022-05-24 22:34:18'),
(444, 'Surabaya', 11, '2022-05-24 22:33:52', '2022-05-24 22:33:52'),
(445, 'Surakarta (Solo)', 10, '2022-05-24 22:33:49', '2022-05-24 22:33:49'),
(446, 'Tabalong', 13, '2022-05-24 22:33:56', '2022-05-24 22:33:56'),
(447, 'Tabanan', 1, '2022-05-24 22:33:28', '2022-05-24 22:33:28'),
(448, 'Takalar', 28, '2022-05-24 22:34:26', '2022-05-24 22:34:26'),
(449, 'Tambrauw', 25, '2022-05-24 22:34:20', '2022-05-24 22:34:20'),
(450, 'Tana Tidung', 16, '2022-05-24 22:34:02', '2022-05-24 22:34:02'),
(451, 'Tana Toraja', 28, '2022-05-24 22:34:26', '2022-05-24 22:34:26'),
(452, 'Tanah Bumbu', 13, '2022-05-24 22:33:56', '2022-05-24 22:33:56'),
(453, 'Tanah Datar', 32, '2022-05-24 22:34:34', '2022-05-24 22:34:34'),
(454, 'Tanah Laut', 13, '2022-05-24 22:33:56', '2022-05-24 22:33:56'),
(455, 'Tangerang', 3, '2022-05-24 22:33:31', '2022-05-24 22:33:31'),
(456, 'Tangerang', 3, '2022-05-24 22:33:31', '2022-05-24 22:33:31'),
(457, 'Tangerang Selatan', 3, '2022-05-24 22:33:31', '2022-05-24 22:33:31'),
(458, 'Tanggamus', 18, '2022-05-24 22:34:05', '2022-05-24 22:34:05'),
(459, 'Tanjung Balai', 34, '2022-05-24 22:34:39', '2022-05-24 22:34:39'),
(460, 'Tanjung Jabung Barat', 8, '2022-05-24 22:33:40', '2022-05-24 22:33:40'),
(461, 'Tanjung Jabung Timur', 8, '2022-05-24 22:33:40', '2022-05-24 22:33:40'),
(462, 'Tanjung Pinang', 17, '2022-05-24 22:34:03', '2022-05-24 22:34:03'),
(463, 'Tapanuli Selatan', 34, '2022-05-24 22:34:39', '2022-05-24 22:34:39'),
(464, 'Tapanuli Tengah', 34, '2022-05-24 22:34:39', '2022-05-24 22:34:39'),
(465, 'Tapanuli Utara', 34, '2022-05-24 22:34:39', '2022-05-24 22:34:39'),
(466, 'Tapin', 13, '2022-05-24 22:33:56', '2022-05-24 22:33:56'),
(467, 'Tarakan', 16, '2022-05-24 22:34:02', '2022-05-24 22:34:02'),
(468, 'Tasikmalaya', 9, '2022-05-24 22:33:46', '2022-05-24 22:33:46'),
(469, 'Tasikmalaya', 9, '2022-05-24 22:33:46', '2022-05-24 22:33:46'),
(470, 'Tebing Tinggi', 34, '2022-05-24 22:34:39', '2022-05-24 22:34:39'),
(471, 'Tebo', 8, '2022-05-24 22:33:40', '2022-05-24 22:33:40'),
(472, 'Tegal', 10, '2022-05-24 22:33:49', '2022-05-24 22:33:49'),
(473, 'Tegal', 10, '2022-05-24 22:33:49', '2022-05-24 22:33:49'),
(474, 'Teluk Bintuni', 25, '2022-05-24 22:34:20', '2022-05-24 22:34:20'),
(475, 'Teluk Wondama', 25, '2022-05-24 22:34:20', '2022-05-24 22:34:20'),
(476, 'Temanggung', 10, '2022-05-24 22:33:49', '2022-05-24 22:33:49'),
(477, 'Ternate', 20, '2022-05-24 22:34:09', '2022-05-24 22:34:09'),
(478, 'Tidore Kepulauan', 20, '2022-05-24 22:34:09', '2022-05-24 22:34:09'),
(479, 'Timor Tengah Selatan', 23, '2022-05-24 22:34:15', '2022-05-24 22:34:15'),
(480, 'Timor Tengah Utara', 23, '2022-05-24 22:34:15', '2022-05-24 22:34:15'),
(481, 'Toba Samosir', 34, '2022-05-24 22:34:39', '2022-05-24 22:34:39'),
(482, 'Tojo Una-Una', 29, '2022-05-24 22:34:28', '2022-05-24 22:34:28'),
(483, 'Toli-Toli', 29, '2022-05-24 22:34:28', '2022-05-24 22:34:28'),
(484, 'Tolikara', 24, '2022-05-24 22:34:18', '2022-05-24 22:34:18'),
(485, 'Tomohon', 31, '2022-05-24 22:34:32', '2022-05-24 22:34:32'),
(486, 'Toraja Utara', 28, '2022-05-24 22:34:26', '2022-05-24 22:34:26'),
(487, 'Trenggalek', 11, '2022-05-24 22:33:52', '2022-05-24 22:33:52'),
(488, 'Tual', 19, '2022-05-24 22:34:07', '2022-05-24 22:34:07'),
(489, 'Tuban', 11, '2022-05-24 22:33:52', '2022-05-24 22:33:52'),
(490, 'Tulang Bawang', 18, '2022-05-24 22:34:05', '2022-05-24 22:34:05'),
(491, 'Tulang Bawang Barat', 18, '2022-05-24 22:34:05', '2022-05-24 22:34:05'),
(492, 'Tulungagung', 11, '2022-05-24 22:33:52', '2022-05-24 22:33:52'),
(493, 'Wajo', 28, '2022-05-24 22:34:26', '2022-05-24 22:34:26'),
(494, 'Wakatobi', 30, '2022-05-24 22:34:30', '2022-05-24 22:34:30'),
(495, 'Waropen', 24, '2022-05-24 22:34:18', '2022-05-24 22:34:18'),
(496, 'Way Kanan', 18, '2022-05-24 22:34:05', '2022-05-24 22:34:05'),
(497, 'Wonogiri', 10, '2022-05-24 22:33:49', '2022-05-24 22:33:49'),
(498, 'Wonosobo', 10, '2022-05-24 22:33:49', '2022-05-24 22:33:49'),
(499, 'Yahukimo', 24, '2022-05-24 22:34:18', '2022-05-24 22:34:18'),
(500, 'Yalimo', 24, '2022-05-24 22:34:18', '2022-05-24 22:34:18'),
(501, 'Yogyakarta', 5, '2022-05-24 22:33:35', '2022-05-24 22:33:35');

-- --------------------------------------------------------

--
-- Table structure for table `migrations`
--

CREATE TABLE `migrations` (
  `id` int(10) UNSIGNED NOT NULL,
  `migration` varchar(255) COLLATE utf8mb4_unicode_ci NOT NULL,
  `batch` int(11) NOT NULL
) ENGINE=InnoDB DEFAULT CHARSET=utf8mb4 COLLATE=utf8mb4_unicode_ci;

--
-- Dumping data for table `migrations`
--

INSERT INTO `migrations` (`id`, `migration`, `batch`) VALUES
(1, '2012_10_12_000000_create_users_table', 1),
(2, '2013_01_09_183758_create_kategori_table', 1),
(3, '2013_01_09_184008_create_produk_table', 1),
(4, '2013_01_09_210615_create_pesanan_table', 1),
(5, '2014_10_12_100000_create_password_resets_table', 1),
(6, '2019_08_19_000000_create_failed_jobs_table', 1),
(7, '2019_12_14_000001_create_personal_access_tokens_table', 1),
(8, '2022_03_28_013846_create_produk_atribut_table', 1),
(9, '2022_03_28_015603_create_detail_pesanan_table', 1),
(10, '2022_03_28_024116_create_keranjang_table', 1),
(11, '2022_03_30_042412_add_diskon_table', 2),
(12, '2019_11_29_205951_create_alamat_pengiriman_table', 3),
(13, '2019_11_29_175103_create_pesanan_produk_table', 4),
(14, '2019_11_29_194437_add_negara_table', 5),
(15, '2019_11_29_194547_add_email_table', 5),
(16, '2019_11_29_171913_add_kolom_pesanan_table', 6),
(17, '2019_11_29_172737_create_transfer_pembayaran_table', 7),
(18, '2019_11_29_165250_add_kolom_bukti_status', 8),
(19, '2019_11_29_164644_add_status_pesanan_table', 9),
(20, '2019_11_29_172953_create_gambar_produk_table', 10),
(21, '2019_11_29_175858_create_produk_table', 11),
(22, '2019_11_29_181828_create_produk_table', 12),
(23, '2019_11_29_181029_create_produk_table', 13),
(24, '2019_11_29_182627_create_gambar_produk_table', 14),
(25, '2019_11_29_171032_add_berat_tabme', 15),
(26, '2019_11_29_180401_addd_kolom_table', 15),
(27, '2019_11_29_180408_add_kolom_table', 15),
(28, '2022_05_24_134418_create_provinsi_table', 15),
(29, '2022_05_24_134441_create_kota_table', 16),
(30, '2022_05_24_135029_add_kolom_id_kota_provinsi', 16),
(31, '2022_05_24_140045_create_provinsi_table', 17),
(32, '2022_05_24_163050_create_provinsi_table', 18),
(33, '2022_05_24_163128_create_kota_table', 18),
(34, '2022_05_24_163411_add_kolom_id_kota_provinsi', 18),
(35, '2019_11_29_174725_add_berat_table', 19),
(36, '2019_11_29_180902_add_kolom_berat_table', 20),
(37, '2019_11_29_194451_add_kolom_id_prov_id_kot', 21),
(38, '2019_11_29_194803_create_pesanan_table', 22),
(39, '2019_11_29_164443_add_kolom_gambar_table', 23),
(40, '2019_11_29_175219_create_pesanan_table', 24),
(41, '2022_05_28_100232_add_kolom_status_penggunaan', 24),
(42, '2022_05_29_044640_delete_kolom_table', 25),
(43, '2022_05_29_044901_delete_kolom_table', 26),
(44, '2022_05_29_055149_add_kolom_metode_pembayaran', 27),
(45, '2019_11_29_211612_create_pesanan_logs_table', 28),
(46, '2022_05_30_084644_create_penilaian_table', 29),
(47, '2019_11_29_173602_create_penilaian_table', 30),
(48, '2019_11_29_185736_create_penilaian_table', 31),
(49, '2019_11_29_193459_add_kolom_status_penilaian_table', 32),
(50, '2022_06_03_032906_add_kolom_terakhir_dilihat_table', 33),
(51, '2022_06_03_033622_remove_kolom_di_table_user', 33),
(52, '2022_06_03_033929_add_kolom_terakhir_dilihat_table', 34),
(53, '2022_06_03_185126_create_daftar_keinginan_table', 35),
(54, '2022_06_03_193949_create_daftar_keinginan_table', 36),
(55, '2019_11_29_164437_create_produk_favorit_table', 37),
(56, '2019_11_29_190531_remove_table_produk_pesanan_table', 38),
(57, '2019_11_29_190636_create_produk_favorit_table', 39),
(58, '2022_05_06_005945_add_kolom_harga_beli_table', 40),
(59, '2022_05_06_030047_create_penilaian_table', 41),
(60, '2022_06_06_230126_add_kolom_produk_pesanan_id', 42),
(61, '2022_06_06_231639_create_pesanan_produk_table', 42),
(62, '2022_06_06_231749_create_penilaian_table', 43),
(63, '2019_11_29_164433_create_slider_table', 44),
(64, '2022_07_12_064339_add_kolom_status_table', 45),
(65, '2022_07_12_100958_create_iklan_table', 45),
(66, '2019_11_29_172008_create_tentang_kami', 46),
(67, '2019_11_30_011844_add_kolom_expired_table', 47);

-- --------------------------------------------------------

--
-- Table structure for table `password_resets`
--

CREATE TABLE `password_resets` (
  `email` varchar(255) COLLATE utf8mb4_unicode_ci NOT NULL,
  `token` varchar(255) COLLATE utf8mb4_unicode_ci NOT NULL,
  `created_at` timestamp NULL DEFAULT NULL
) ENGINE=InnoDB DEFAULT CHARSET=utf8mb4 COLLATE=utf8mb4_unicode_ci;

-- --------------------------------------------------------

--
-- Table structure for table `penilaian`
--

CREATE TABLE `penilaian` (
  `id` bigint(11) UNSIGNED NOT NULL,
  `user_id` bigint(11) UNSIGNED NOT NULL,
  `produk_id` bigint(11) UNSIGNED NOT NULL,
  `produk_pesanan_id` bigint(11) UNSIGNED NOT NULL,
  `bintang` int(5) NOT NULL,
  `gambar` text COLLATE utf8mb4_unicode_ci NOT NULL,
  `komentar` text COLLATE utf8mb4_unicode_ci NOT NULL,
  `created_at` timestamp NULL DEFAULT NULL,
  `updated_at` timestamp NULL DEFAULT NULL
) ENGINE=InnoDB DEFAULT CHARSET=utf8mb4 COLLATE=utf8mb4_unicode_ci;

--
-- Dumping data for table `penilaian`
--

INSERT INTO `penilaian` (`id`, `user_id`, `produk_id`, `produk_pesanan_id`, `bintang`, `gambar`, `komentar`, `created_at`, `updated_at`) VALUES
(1, 1, 43, 7, 5, 'Nilai_P43.jpg', 'Produk telah sampai, produknya bagus.... Terima Kasih Admin...', '2022-07-13 08:02:42', '2022-07-13 08:02:42'),
(2, 1, 43, 10, 5, 'Nilai_P43.png', 'Kerelah pokoknya', '2022-07-13 09:18:07', '2022-07-13 09:18:07'),
(3, 1, 43, 9, 5, 'Nilai_P43.jpg', 'ALhamdulillah, Produk telah di terima', '2022-07-13 09:18:53', '2022-07-13 09:18:53'),
(4, 1, 43, 8, 4, 'Nilai_P43.jpg', 'Alhamdulillah, Produk sampai dengan selamat...Terima Kasih', '2022-07-13 09:19:22', '2022-07-13 09:19:22'),
(5, 1, 43, 11, 5, 'Nilai_P43.jpg', 'Bagus deh pokoknya', '2022-07-13 13:08:20', '2022-07-13 13:08:20'),
(6, 1, 45, 12, 5, 'Nilai_P45.jpg', 'Mantep kali...', '2022-07-13 13:08:42', '2022-07-13 13:08:42'),
(7, 1, 45, 13, 5, 'Nilai_P45.png', 'Produk sangat keren', '2022-07-13 13:09:11', '2022-07-13 13:09:11'),
(8, 1, 46, 14, 5, 'Nilai_P46.jpg', 'Produk terbaik....', '2022-07-13 13:09:46', '2022-07-13 13:09:46'),
(9, 1, 46, 15, 5, 'Nilai_P46.jpg', 'Bahannya adem.. harganya pas', '2022-07-13 13:10:23', '2022-07-13 13:10:23'),
(10, 1, 43, 50, 5, 'Nilai_P43.png', 'Produknya sampai,...', '2022-08-05 03:55:00', '2022-08-05 03:55:00'),
(11, 1, 43, 51, 5, 'Nilai_P43.png', 'Oke', '2022-08-05 15:35:38', '2022-08-05 15:35:38'),
(12, 1, 43, 52, 5, 'Nilai_P43.png', 'Bagus', '2022-08-05 09:00:41', '2022-08-05 09:00:41');

-- --------------------------------------------------------

--
-- Table structure for table `personal_access_tokens`
--

CREATE TABLE `personal_access_tokens` (
  `id` bigint(20) UNSIGNED NOT NULL,
  `tokenable_type` varchar(255) COLLATE utf8mb4_unicode_ci NOT NULL,
  `tokenable_id` bigint(20) UNSIGNED NOT NULL,
  `name` varchar(255) COLLATE utf8mb4_unicode_ci NOT NULL,
  `token` varchar(64) COLLATE utf8mb4_unicode_ci NOT NULL,
  `abilities` text COLLATE utf8mb4_unicode_ci DEFAULT NULL,
  `last_used_at` timestamp NULL DEFAULT NULL,
  `created_at` timestamp NULL DEFAULT NULL,
  `updated_at` timestamp NULL DEFAULT NULL
) ENGINE=InnoDB DEFAULT CHARSET=utf8mb4 COLLATE=utf8mb4_unicode_ci;

-- --------------------------------------------------------

--
-- Table structure for table `pesanan`
--

CREATE TABLE `pesanan` (
  `id` bigint(11) UNSIGNED NOT NULL,
  `user_id` bigint(11) UNSIGNED NOT NULL,
  `alamat_id` bigint(11) UNSIGNED NOT NULL,
  `total_bayar` varchar(11) COLLATE utf8mb4_unicode_ci NOT NULL,
  `metode_pembayaran` varchar(15) COLLATE utf8mb4_unicode_ci NOT NULL,
  `total_berat` varchar(11) COLLATE utf8mb4_unicode_ci NOT NULL,
  `status_pesanan` varchar(20) COLLATE utf8mb4_unicode_ci NOT NULL,
  `ongkos_kirim` varchar(11) COLLATE utf8mb4_unicode_ci NOT NULL,
  `pengiriman` varchar(20) COLLATE utf8mb4_unicode_ci NOT NULL,
  `resi` varchar(20) COLLATE utf8mb4_unicode_ci DEFAULT NULL,
  `created_at` timestamp NULL DEFAULT NULL,
  `updated_at` timestamp NULL DEFAULT NULL
) ENGINE=InnoDB DEFAULT CHARSET=utf8mb4 COLLATE=utf8mb4_unicode_ci;

--
-- Dumping data for table `pesanan`
--

INSERT INTO `pesanan` (`id`, `user_id`, `alamat_id`, `total_bayar`, `metode_pembayaran`, `total_berat`, `status_pesanan`, `ongkos_kirim`, `pengiriman`, `resi`, `created_at`, `updated_at`) VALUES
(303, 1, 1, '690000', 'TF', '300', 'Pesanan Di Terima', '15000', 'jasaKirimCTCYES', NULL, '2022-07-12 09:22:25', '2022-07-13 07:42:16'),
(304, 1, 1, '240000', 'TF', '100', 'Pesanan Di Terima', '15000', 'jasaKirimCTCYES', NULL, '2022-07-12 09:44:40', '2022-07-13 09:17:28'),
(305, 1, 1, '239000', 'TF', '100', 'Pesanan Di Terima', '14000', 'jasaKirimCTC', NULL, '2022-07-12 09:46:25', '2022-07-13 09:17:17'),
(306, 1, 1, '690000', 'TF', '300', 'Pesanan Di Terima', '15000', 'jasaKirimCTCYES', NULL, '2022-07-12 09:54:16', '2022-07-13 09:17:12'),
(307, 1, 1, '7675000', 'TF', '4970', 'Pesanan Di Terima', '75000', 'jasaKirimCTCYES', NULL, '2022-07-13 10:48:03', '2022-07-13 13:07:38'),
(309, 153, 55, '8345000', 'TF', '4560', 'Dikirim', '70000', 'jasaKirimREG', '4343434343434', '2022-07-13 17:53:04', '2022-08-27 14:46:22'),
(310, 153, 55, '8345000', 'TF', '4560', 'Menunggu Verifikasi', '70000', 'jasaKirimREG', '0', '2022-07-13 17:56:04', '2022-07-13 17:56:04'),
(311, 153, 55, '4432000', 'TF', '2340', 'Dikirim', '42000', 'jasaKirimREG', '554544343454', '2022-07-13 18:12:53', '2022-07-15 03:37:42'),
(312, 153, 55, '5037000', 'TF', '2760', 'Menunggu Verifikasi', '42000', 'jasaKirimREG', '0', '2022-07-13 18:16:21', '2022-07-13 18:16:21'),
(313, 1, 1, '515000', 'TF', '200', 'Menunggu Verifikasi', '15000', 'jasaKirimCTCYES', '2', '2022-07-21 06:45:45', '2022-07-21 06:45:45'),
(314, 1, 1, '1765000', 'TF', '1100', 'Menunggu Verifikasi', '15000', 'jasaKirimCTCYES', '0', '2022-07-27 08:55:50', '2022-07-27 08:55:50'),
(315, 1, 1, '1764000', 'TF', '1100', 'Menunggu Verifikasi', '14000', 'jasaKirimCTC', NULL, '2022-07-27 09:00:20', '2022-07-27 09:00:20'),
(316, 1, 1, '1764000', 'TF', '1100', 'Menunggu Verifikasi', '14000', 'jasaKirimCTC', '0', '2022-07-27 09:02:28', '2022-07-27 09:02:28'),
(319, 1, 1, '585000', 'TF', '340', 'Menunggu Verifikasi', '15000', 'jasaKirimCTCYES', '0', '2022-08-03 12:51:19', '2022-08-03 12:51:19'),
(320, 1, 1, '584000', 'TF', '340', 'Menunggu Verifikasi', '14000', 'jasaKirimCTC', '0', '2022-08-03 14:28:58', '2022-08-03 14:28:58'),
(321, 1, 1, '584000', 'TF', '340', 'Terkirim', '14000', 'jasaKirimCTC', '434343553434', '2022-08-03 14:34:18', '2019-11-29 17:55:11'),
(322, 1, 1, '464000', 'TF', '200', 'Menunggu Verifikasi', '14000', 'jasaKirimCTC', '0', '2022-08-05 03:31:31', '2022-08-05 03:31:31'),
(323, 1, 1, '464000', 'TF', '200', 'Pesanan Di Terima', '14000', 'jasaKirimCTC', '526152331212', '2022-08-05 03:49:30', '2022-08-05 03:54:10'),
(324, 1, 1, '464000', 'TF', '200', 'Pesanan Di Terima', '14000', 'jasaKirimCTC', '56564534343434', '2022-08-05 15:28:54', '2022-08-05 15:34:49'),
(325, 1, 1, '239000', 'TF', '100', 'Pesanan Di Terima', '14000', 'jasaKirimCTC', '33232323232655', '2022-08-05 08:57:54', '2022-08-05 09:00:16'),
(326, 2, 1, '1160000', 'Cash', '0', 'Pesanan Di Terima', '0', '0', '0', '2022-08-27 15:57:38', '2022-08-27 15:57:53');

-- --------------------------------------------------------

--
-- Table structure for table `pesanan_logs`
--

CREATE TABLE `pesanan_logs` (
  `id` bigint(11) UNSIGNED NOT NULL,
  `pesanan_id` bigint(11) UNSIGNED NOT NULL,
  `pesanan_status` varchar(25) COLLATE utf8mb4_unicode_ci NOT NULL,
  `created_at` timestamp NULL DEFAULT NULL,
  `updated_at` timestamp NULL DEFAULT NULL
) ENGINE=InnoDB DEFAULT CHARSET=utf8mb4 COLLATE=utf8mb4_unicode_ci;

--
-- Dumping data for table `pesanan_logs`
--

INSERT INTO `pesanan_logs` (`id`, `pesanan_id`, `pesanan_status`, `created_at`, `updated_at`) VALUES
(28, 303, 'Dikemas', '2022-07-13 07:38:18', '2022-07-13 07:38:18'),
(29, 303, 'Pending', '2022-07-13 07:38:23', '2022-07-13 07:38:23'),
(30, 303, 'Dikirim', '2022-07-13 07:38:49', '2022-07-13 07:38:49'),
(31, 303, 'Terkirim', '2022-07-13 07:39:00', '2022-07-13 07:39:00'),
(32, 304, 'Pending', '2022-07-13 09:14:36', '2022-07-13 09:14:36'),
(33, 304, 'Pending', '2022-07-13 09:14:37', '2022-07-13 09:14:37'),
(34, 304, 'Dikemas', '2022-07-13 09:14:46', '2022-07-13 09:14:46'),
(35, 304, 'Dikirim', '2022-07-13 09:14:57', '2022-07-13 09:14:57'),
(36, 304, 'Terkirim', '2022-07-13 09:15:03', '2022-07-13 09:15:03'),
(37, 305, 'Pending', '2022-07-13 09:15:22', '2022-07-13 09:15:22'),
(38, 305, 'Dikemas', '2022-07-13 09:15:27', '2022-07-13 09:15:27'),
(39, 305, 'Dikirim', '2022-07-13 09:15:36', '2022-07-13 09:15:36'),
(40, 305, 'Terkirim', '2022-07-13 09:15:43', '2022-07-13 09:15:43'),
(41, 306, 'Pending', '2022-07-13 09:15:59', '2022-07-13 09:15:59'),
(42, 306, 'Pending', '2022-07-13 09:16:03', '2022-07-13 09:16:03'),
(43, 306, 'Dikemas', '2022-07-13 09:16:09', '2022-07-13 09:16:09'),
(44, 306, 'Dikirim', '2022-07-13 09:16:16', '2022-07-13 09:16:16'),
(45, 306, 'Terkirim', '2022-07-13 09:16:21', '2022-07-13 09:16:21'),
(46, 306, 'Pesanan Di Terima', '2022-07-13 09:17:12', '2022-07-13 09:17:12'),
(47, 305, 'Pesanan Di Terima', '2022-07-13 09:17:17', '2022-07-13 09:17:17'),
(48, 304, 'Pesanan Di Terima', '2022-07-13 09:17:28', '2022-07-13 09:17:28'),
(49, 307, 'Pending', '2022-07-13 12:52:41', '2022-07-13 12:52:41'),
(50, 307, 'Dikemas', '2022-07-13 12:52:48', '2022-07-13 12:52:48'),
(51, 307, 'Dikirim', '2022-07-13 12:52:57', '2022-07-13 12:52:57'),
(52, 307, 'Terkirim', '2022-07-13 12:53:08', '2022-07-13 12:53:08'),
(53, 307, 'Terkirim', '2022-07-13 12:53:08', '2022-07-13 12:53:08'),
(54, 307, 'Pesanan Di Terima', '2022-07-13 13:07:38', '2022-07-13 13:07:38'),
(55, 311, 'Dikemas', '2022-07-15 03:36:21', '2022-07-15 03:36:21'),
(56, 311, 'Dikirim', '2022-07-15 03:37:42', '2022-07-15 03:37:42'),
(57, 323, 'Dikemas', '2022-08-05 03:52:15', '2022-08-05 03:52:15'),
(58, 323, 'Dikirim', '2022-08-05 03:52:30', '2022-08-05 03:52:30'),
(59, 323, 'Terkirim', '2022-08-05 03:52:40', '2022-08-05 03:52:40'),
(60, 323, 'Pesanan Di Terima', '2022-08-05 03:54:10', '2022-08-05 03:54:10'),
(61, 324, 'Dikemas', '2022-08-05 15:32:57', '2022-08-05 15:32:57'),
(62, 324, 'Dikirim', '2022-08-05 15:33:09', '2022-08-05 15:33:09'),
(63, 324, 'Terkirim', '2022-08-05 15:33:22', '2022-08-05 15:33:22'),
(64, 324, 'Pesanan Di Terima', '2022-08-05 15:34:49', '2022-08-05 15:34:49'),
(65, 325, 'Dikemas', '2022-08-05 08:59:19', '2022-08-05 08:59:19'),
(66, 325, 'Dikirim', '2022-08-05 08:59:30', '2022-08-05 08:59:30'),
(67, 325, 'Terkirim', '2022-08-05 08:59:37', '2022-08-05 08:59:37'),
(68, 325, 'Pesanan Di Terima', '2022-08-05 09:00:16', '2022-08-05 09:00:16'),
(69, 309, 'Dikemas', '2022-08-27 14:46:09', '2022-08-27 14:46:09'),
(70, 309, 'Dikirim', '2022-08-27 14:46:22', '2022-08-27 14:46:22'),
(71, 321, 'Dikemas', '2019-11-29 17:54:49', '2019-11-29 17:54:49'),
(72, 321, 'Dikirim', '2019-11-29 17:55:00', '2019-11-29 17:55:00'),
(73, 321, 'Terkirim', '2019-11-29 17:55:11', '2019-11-29 17:55:11');

-- --------------------------------------------------------

--
-- Table structure for table `pesanan_produk`
--

CREATE TABLE `pesanan_produk` (
  `id` bigint(11) UNSIGNED NOT NULL,
  `pesanan_id` bigint(11) UNSIGNED NOT NULL,
  `produk_id` bigint(11) UNSIGNED NOT NULL,
  `user_id` bigint(1) UNSIGNED NOT NULL,
  `nama_produk` varchar(50) COLLATE utf8mb4_unicode_ci NOT NULL,
  `ukuran_produk` varchar(6) COLLATE utf8mb4_unicode_ci NOT NULL,
  `harga_produk` varchar(6) COLLATE utf8mb4_unicode_ci NOT NULL,
  `kuantitas` int(11) NOT NULL,
  `status_penilaian` int(1) DEFAULT NULL,
  `created_at` timestamp NULL DEFAULT NULL,
  `updated_at` timestamp NULL DEFAULT NULL
) ENGINE=InnoDB DEFAULT CHARSET=utf8mb4 COLLATE=utf8mb4_unicode_ci;

--
-- Dumping data for table `pesanan_produk`
--

INSERT INTO `pesanan_produk` (`id`, `pesanan_id`, `produk_id`, `user_id`, `nama_produk`, `ukuran_produk`, `harga_produk`, `kuantitas`, `status_penilaian`, `created_at`, `updated_at`) VALUES
(7, 303, 43, 1, 'Kurta Khalid Black', 'S', '225000', 3, 1, '2022-07-12 09:22:26', '2022-07-13 08:02:42'),
(8, 304, 43, 1, 'Kurta Khalid Black', 'M', '225000', 1, 1, '2022-07-12 09:44:40', '2022-07-13 09:19:22'),
(9, 305, 43, 1, 'Kurta Khalid Black', 'M', '225000', 1, 1, '2022-07-12 09:46:25', '2022-07-13 09:18:36'),
(10, 306, 43, 1, 'Kurta Khalid Black', 'XL', '225000', 3, 1, '2022-07-12 09:54:16', '2022-07-13 09:18:07'),
(11, 307, 43, 1, 'Kurta Khalid Black', 'XXL', '250000', 7, 1, '2022-07-13 10:48:05', '2022-07-13 13:08:20'),
(12, 307, 45, 1, 'Kurta Sulaiman Merah Maroon', 'XL', '285000', 6, 1, '2022-07-13 10:48:05', '2022-07-13 13:08:42'),
(13, 307, 45, 1, 'Kurta Sulaiman Merah Maroon', 'M', '285000', 4, 1, '2022-07-13 10:48:06', '2022-07-13 13:09:11'),
(14, 307, 46, 1, 'Kurta Khalid Tosca', 'M', '250000', 3, 1, '2022-07-13 10:48:06', '2022-07-13 13:09:46'),
(15, 307, 46, 1, 'Kurta Khalid Tosca', 'XL', '250000', 9, 1, '2022-07-13 10:48:06', '2022-07-13 13:10:23'),
(17, 309, 43, 153, 'Kurta Khalid Black', 'M', '250000', 3, NULL, '2022-07-13 17:53:04', '2022-07-13 17:53:04'),
(18, 309, 45, 153, 'Kurta Sulaiman Merah Maroon', 'M', '285000', 5, NULL, '2022-07-13 17:53:05', '2022-07-13 17:53:05'),
(19, 309, 45, 153, 'Kurta Sulaiman Merah Maroon', 'XL', '285000', 10, NULL, '2022-07-13 17:53:05', '2022-07-13 17:53:05'),
(20, 309, 46, 153, 'Kurta Khalid Tosca', 'M', '250000', 13, NULL, '2022-07-13 17:53:06', '2022-07-13 17:53:06'),
(21, 310, 43, 153, 'Kurta Khalid Black', 'M', '250000', 3, NULL, '2022-07-13 17:56:04', '2022-07-13 17:56:04'),
(22, 310, 45, 153, 'Kurta Sulaiman Merah Maroon', 'M', '285000', 5, NULL, '2022-07-13 17:56:04', '2022-07-13 17:56:04'),
(23, 310, 45, 153, 'Kurta Sulaiman Merah Maroon', 'XL', '285000', 10, NULL, '2022-07-13 17:56:04', '2022-07-13 17:56:04'),
(24, 310, 46, 153, 'Kurta Khalid Tosca', 'M', '250000', 13, NULL, '2022-07-13 17:56:05', '2022-07-13 17:56:05'),
(25, 311, 43, 153, 'Kurta Khalid Black', 'M', '250000', 7, NULL, '2022-07-13 18:12:53', '2022-07-13 18:12:53'),
(26, 311, 43, 153, 'Kurta Khalid Black', 'XXL', '250000', 4, NULL, '2022-07-13 18:12:54', '2022-07-13 18:12:54'),
(27, 311, 45, 153, 'Kurta Sulaiman Merah Maroon', 'XL', '285000', 4, NULL, '2022-07-13 18:12:54', '2022-07-13 18:12:54'),
(28, 311, 46, 153, 'Kurta Khalid Tosca', 'M', '250000', 2, NULL, '2022-07-13 18:12:54', '2022-07-13 18:12:54'),
(29, 312, 45, 153, 'Kurta Sulaiman Merah Maroon', 'M', '285000', 3, NULL, '2022-07-13 18:16:21', '2022-07-13 18:16:21'),
(30, 312, 45, 153, 'Kurta Sulaiman Merah Maroon', 'XL', '285000', 4, NULL, '2022-07-13 18:16:21', '2022-07-13 18:16:21'),
(31, 312, 43, 153, 'Kurta Khalid Black', 'M', '250000', 3, NULL, '2022-07-13 18:16:21', '2022-07-13 18:16:21'),
(32, 312, 43, 153, 'Kurta Khalid Black', 'XL', '250000', 4, NULL, '2022-07-13 18:16:21', '2022-07-13 18:16:21'),
(33, 312, 46, 153, 'Kurta Khalid Tosca', 'XL', '250000', 3, NULL, '2022-07-13 18:16:21', '2022-07-13 18:16:21'),
(34, 312, 46, 153, 'Kurta Khalid Tosca', 'M', '250000', 2, NULL, '2022-07-13 18:16:21', '2022-07-13 18:16:21'),
(35, 313, 43, 1, 'Kurta Khalid Black', 'S', '250000', 2, NULL, '2022-07-21 06:45:45', '2022-07-21 06:45:45'),
(36, 314, 43, 1, 'Kurta Khalid Black', 'S', '250000', 3, NULL, '2022-07-27 08:55:50', '2022-07-27 08:55:50'),
(37, 314, 46, 1, 'Kurta Khalid Tosca', 'XL', '250000', 4, NULL, '2022-07-27 08:55:50', '2022-07-27 08:55:50'),
(38, 315, 43, 1, 'Kurta Khalid Black', 'S', '250000', 3, NULL, '2022-07-27 09:00:21', '2022-07-27 09:00:21'),
(39, 315, 46, 1, 'Kurta Khalid Tosca', 'XL', '250000', 4, NULL, '2022-07-27 09:00:21', '2022-07-27 09:00:21'),
(40, 316, 43, 1, 'Kurta Khalid Black', 'S', '250000', 3, NULL, '2022-07-27 09:02:28', '2022-07-27 09:02:28'),
(41, 316, 46, 1, 'Kurta Khalid Tosca', 'XL', '250000', 4, NULL, '2022-07-27 09:02:29', '2022-07-27 09:02:29'),
(43, 319, 45, 1, 'Kurta Sulaiman Merah Maroon', 'XL', '285000', 1, NULL, '2022-08-03 12:51:19', '2022-08-03 12:51:19'),
(44, 319, 45, 1, 'Kurta Sulaiman Merah Maroon', 'M', '285000', 1, NULL, '2022-08-03 12:51:19', '2022-08-03 12:51:19'),
(45, 320, 45, 1, 'Kurta Sulaiman Merah Maroon', 'XL', '285000', 1, NULL, '2022-08-03 14:28:59', '2022-08-03 14:28:59'),
(46, 320, 45, 1, 'Kurta Sulaiman Merah Maroon', 'M', '285000', 1, NULL, '2022-08-03 14:28:59', '2022-08-03 14:28:59'),
(47, 321, 45, 1, 'Kurta Sulaiman Merah Maroon', 'XL', '285000', 1, NULL, '2022-08-03 14:34:18', '2022-08-03 14:34:18'),
(48, 321, 45, 1, 'Kurta Sulaiman Merah Maroon', 'M', '285000', 1, NULL, '2022-08-03 14:34:18', '2022-08-03 14:34:18'),
(49, 322, 43, 1, 'Kurta Khalid Black', 'XL', '225000', 2, NULL, '2022-08-05 03:31:31', '2022-08-05 03:31:31'),
(50, 323, 43, 1, 'Kurta Khalid Black', 'M', '225000', 2, 1, '2022-08-05 03:49:30', '2022-08-05 03:55:00'),
(51, 324, 43, 1, 'Kurta Khalid Black', 'M', '225000', 2, 1, '2022-08-05 15:28:54', '2022-08-05 15:35:38'),
(52, 325, 43, 1, 'Kurta Khalid Black', 'S', '225000', 1, 1, '2022-08-05 08:57:54', '2022-08-05 09:00:40'),
(53, 326, 52, 2, 'Jaket Sedekah Akbar Indonesia x Paskas', 'M', '220000', 3, NULL, '2022-08-27 15:57:38', '2022-08-27 15:57:38'),
(54, 326, 43, 2, 'Kurta Khalid Black', 'XL', '250000', 2, NULL, '2022-08-27 15:57:39', '2022-08-27 15:57:39');

-- --------------------------------------------------------

--
-- Table structure for table `produk`
--

CREATE TABLE `produk` (
  `id` bigint(11) UNSIGNED NOT NULL,
  `name` varchar(50) COLLATE utf8mb4_unicode_ci NOT NULL,
  `slug` varchar(50) COLLATE utf8mb4_unicode_ci NOT NULL,
  `deskripsi_singkat` text COLLATE utf8mb4_unicode_ci NOT NULL,
  `deskripsi_lengkap` text COLLATE utf8mb4_unicode_ci NOT NULL,
  `harga` varchar(6) COLLATE utf8mb4_unicode_ci NOT NULL,
  `diskon` int(3) NOT NULL DEFAULT 0,
  `harga_beli` varchar(6) COLLATE utf8mb4_unicode_ci DEFAULT NULL,
  `kategori_id` bigint(11) UNSIGNED DEFAULT NULL,
  `created_at` timestamp NULL DEFAULT NULL,
  `updated_at` timestamp NULL DEFAULT NULL
) ENGINE=InnoDB DEFAULT CHARSET=utf8mb4 COLLATE=utf8mb4_unicode_ci;

--
-- Dumping data for table `produk`
--

INSERT INTO `produk` (`id`, `name`, `slug`, `deskripsi_singkat`, `deskripsi_lengkap`, `harga`, `diskon`, `harga_beli`, `kategori_id`, `created_at`, `updated_at`) VALUES
(43, 'Kurta Khalid Black', 'kurta-khalid-black', '-', '<p>Warna : Black<br />\r\nMaterial : Katun Madina<br />\r\nModel : Kurta<br />\r\n.<br />\r\nSize :<br />\r\nS, M, L, XL, XXL, XXXL<br />\r\n.<br />\r\nRp. 250.000,-<br />\r\n.<br />\r\nInfo <br />\r\n Alamat : Outlet Munzalan store di Sungai raya dalam sebelah roti gembul<br />\r\n WhatsApp : http://wa.me/+628115674877<br />\r\n Instagram :&nbsp;@munzalanstore</p>', '250000', 0, '185000', 26, '2022-07-12 00:48:23', '2022-11-09 07:52:04'),
(44, 'T-Shirt Jangan Bosan Jadi Orang Baik', 't-shirt-jangan-bosan-jadi-orang-baik', '-', '<p>-Warna : Hitam<br />\r\n-Material : Combed 30s<br />\r\n-Model : T-Shirt Kurta<br />\r\n<br />\r\nSize :<br />\r\nS, M, L, XL, XXL, XXXL<br />\r\n<br />\r\nPrice :<br />\r\nRp. 135.000<br />\r\n<br />\r\nInfo <br />\r\n Alamat : Outlet Munzalan Store di Sungai Raya Dalam Sebelah Roti Gembul<br />\r\n WhatsApp : http://wa.me/+628115674877<br />\r\n Instagram :&nbsp;@munzalanstore</p>', '135000', 0, '80000', 29, '2022-07-12 01:01:01', '2022-11-09 07:52:04'),
(45, 'Kurta Sulaiman Merah Maroon', 'kurta-sulaiman-merah-maroon', '-', '<p>Warna : Merah Maroon<br />\r\nMaterial : Katun Madina<br />\r\nModel : Kurta<br />\r\n.<br />\r\nSize :<br />\r\nS, M, L, XL, XXL, XXXL<br />\r\n.<br />\r\nRp. 285.000,-<br />\r\n.<br />\r\nInfo <br />\r\n Alamat : Outlet Munzalan store di Sungai raya dalam sebelah roti gembul<br />\r\n WhatsApp : http://wa.me/+628115674877<br />\r\n Instagram :&nbsp;@munzalanstore</p>', '285000', 0, '200000', 26, '2022-07-12 01:09:05', '2022-11-09 07:52:04'),
(46, 'Kurta Khalid Tosca', 'kurta-khalid-tosca', '-', '<p>&bull;Warna : Tosca<br />\r\n&bull;Material : Katun Madina<br />\r\n&bull;Model: Kurta<br />\r\n<br />\r\nSIZE:<br />\r\nM, L, XL, XXL, XXXL<br />\r\n<br />\r\nRp 250.000<br />\r\n<br />\r\nOrder via:<br />\r\nInstagram:&nbsp;@munzalanstore<br />\r\nWhatsapp: 0811-5674-877</p>', '250000', 0, '200000', 26, '2022-07-12 01:16:01', '2022-11-09 07:52:04'),
(48, 'PASKAS Indonesia (Pasukan Amal Sholeh)', 'paskas-indonesia-pasukan-amal-sholeh', '-', '<p>&nbsp;</p>\r\n\r\n<p>&bull;Warna : Hitam<br />\r\n&bull;Material : Combed 30s<br />\r\n&bull;Model: Kaos Kurta (Lengan Panjang)<br />\r\n<br />\r\nSIZE:<br />\r\nS, M, L, XL, XXL, XXL<br />\r\n<br />\r\nRp 150.000<br />\r\n<br />\r\nOrder via:<br />\r\nInstagram:&nbsp;@munzalanstore<br />\r\nWhatsapp: 0811-5674-877</p>', '150000', 0, '100000', 29, '2022-07-12 01:22:23', '2022-11-09 07:52:04'),
(49, 'Sedekah Akbar Indonesia', 'sedekah-akbar-indonesia', '-', '<p>&bull;Warna : Hitam<br />\r\n&bull;Material : Combed 30s<br />\r\n&bull;Model: Kaos Kurta<br />\r\n<br />\r\nSIZE:<br />\r\nS, M, L, XL, XXL, XXL<br />\r\n<br />\r\nRp 125.000<br />\r\n<br />\r\nOrder via:<br />\r\nInstagram:&nbsp;@munzalanstore<br />\r\nWhatsapp: 0811-5674-877</p>', '125000', 0, '100000', 29, '2022-07-12 01:51:31', '2022-11-09 07:52:04'),
(50, 'Kurta Sulaiman', 'kurta-sulaiman', '-', '<p>Warna : Hitam<br />\r\nMaterial : Katun Madina<br />\r\nModel : Kurta<br />\r\n.<br />\r\nSize :<br />\r\nS, M, L, XL, XXL, XXXL<br />\r\n.<br />\r\nRp. 285.000,-<br />\r\n.<br />\r\nInfo <br />\r\n Alamat : Outlet Munzalan store di Sungai raya dalam sebelah roti gembul<br />\r\n WhatsApp : http://wa.me/+628115674877<br />\r\n Instagram :&nbsp;@munzalanstore</p>', '285000', 0, '185000', 26, '2022-07-12 01:56:13', '2022-11-09 07:52:04'),
(51, 'Topi Snapback Paskas', 'topi-snapback-paskas', '-', '<p>&bull;Warna : Hitam<br />\r\n<br />\r\nRp 85.000<br />\r\n<br />\r\nOrder via:<br />\r\nInstagram:&nbsp;@munzalanstore<br />\r\nWhatsapp: 0811-5674-877</p>', '85000', 0, '50000', 31, '2022-07-12 01:58:37', '2022-11-09 07:52:04'),
(52, 'Jaket Sedekah Akbar Indonesia x Paskas', 'jaket-sedekah-akbar-indonesia-x-paskas', '-', '<p>&bull;Warna : Hitam<br />\r\n<br />\r\nSIZE:<br />\r\nS, M, L, XL, XXL, XXXL<br />\r\n<br />\r\nRp 220.000<br />\r\n<br />\r\nOrder via:<br />\r\nInstagram:&nbsp;@munzalanstore<br />\r\nWhatsapp: 0811-5674-877</p>', '220000', 0, '190000', 27, '2022-07-12 02:03:53', '2022-11-09 07:52:04');

-- --------------------------------------------------------

--
-- Table structure for table `produk_atribut`
--

CREATE TABLE `produk_atribut` (
  `id` bigint(11) UNSIGNED NOT NULL,
  `produk_id` bigint(11) UNSIGNED NOT NULL,
  `ukuran` varchar(6) COLLATE utf8mb4_unicode_ci NOT NULL,
  `berat` varchar(11) COLLATE utf8mb4_unicode_ci NOT NULL,
  `stok` varchar(11) COLLATE utf8mb4_unicode_ci NOT NULL,
  `created_at` timestamp NULL DEFAULT NULL,
  `updated_at` timestamp NULL DEFAULT NULL
) ENGINE=InnoDB DEFAULT CHARSET=utf8mb4 COLLATE=utf8mb4_unicode_ci;

--
-- Dumping data for table `produk_atribut`
--

INSERT INTO `produk_atribut` (`id`, `produk_id`, `ukuran`, `berat`, `stok`, `created_at`, `updated_at`) VALUES
(22, 43, 'S', '100', '499', '2022-07-12 00:50:54', '2022-08-05 08:57:54'),
(23, 43, 'M', '100', '496', '2022-07-12 00:51:19', '2022-08-05 15:28:55'),
(24, 43, 'XL', '100', '496', '2022-07-12 00:51:35', '2022-08-27 15:57:39'),
(25, 43, 'XXL', '150', '500', '2022-07-12 00:52:05', '2022-07-13 18:12:54'),
(26, 52, 'XL', '100', '500', '2019-11-29 10:25:21', '2022-08-03 10:22:47'),
(27, 52, 'M', '200', '497', '2022-07-13 08:21:51', '2022-08-27 15:57:38'),
(28, 52, 'XXL', '150', '500', '2022-07-13 08:22:10', '2022-08-03 10:22:53'),
(29, 52, 'S', '80', '500', '2022-07-13 08:22:28', '2022-08-03 10:22:26'),
(30, 52, 'XXXL', '250', '500', '2022-07-13 08:22:44', '2022-08-03 10:22:59'),
(31, 46, 'XL', '200', '500', '2022-07-13 10:29:53', '2022-07-27 09:02:29'),
(32, 46, 'M', '120', '500', '2022-07-13 10:30:13', '2022-07-13 18:16:21'),
(33, 45, 'XL', '200', '497', '2022-07-13 10:30:40', '2022-08-03 14:34:18'),
(34, 45, 'M', '140', '497', '2022-07-13 10:30:53', '2022-08-03 14:34:18');

-- --------------------------------------------------------

--
-- Table structure for table `produk_favorit`
--

CREATE TABLE `produk_favorit` (
  `id` bigint(11) UNSIGNED NOT NULL,
  `user_id` bigint(11) UNSIGNED NOT NULL,
  `produk_id` bigint(11) UNSIGNED NOT NULL,
  `status` varchar(2) COLLATE utf8mb4_unicode_ci NOT NULL DEFAULT '0',
  `created_at` timestamp NULL DEFAULT NULL,
  `updated_at` timestamp NULL DEFAULT NULL
) ENGINE=InnoDB DEFAULT CHARSET=utf8mb4 COLLATE=utf8mb4_unicode_ci;

--
-- Dumping data for table `produk_favorit`
--

INSERT INTO `produk_favorit` (`id`, `user_id`, `produk_id`, `status`, `created_at`, `updated_at`) VALUES
(59, 1, 46, '0', '2022-07-12 08:48:14', '2022-07-12 08:48:14'),
(60, 1, 49, '0', '2022-07-12 08:49:21', '2022-07-12 08:49:21'),
(61, 1, 52, '0', '2022-07-12 08:50:09', '2022-07-12 08:50:09'),
(62, 153, 43, '0', '2022-07-13 18:04:08', '2022-07-13 18:04:08'),
(63, 1, 45, '0', '2019-11-29 17:44:17', '2019-11-29 17:44:17'),
(64, 1, 43, '0', '2022-11-09 02:40:02', '2022-11-09 02:40:02');

-- --------------------------------------------------------

--
-- Table structure for table `provinsi`
--

CREATE TABLE `provinsi` (
  `id` bigint(11) UNSIGNED NOT NULL,
  `name` varchar(30) COLLATE utf8mb4_unicode_ci NOT NULL,
  `created_at` timestamp NULL DEFAULT NULL,
  `updated_at` timestamp NULL DEFAULT NULL
) ENGINE=InnoDB DEFAULT CHARSET=utf8mb4 COLLATE=utf8mb4_unicode_ci;

--
-- Dumping data for table `provinsi`
--

INSERT INTO `provinsi` (`id`, `name`, `created_at`, `updated_at`) VALUES
(1, 'Bali', '2022-05-24 22:33:25', '2022-05-24 22:33:25'),
(2, 'Bangka Belitung', '2022-05-24 22:33:28', '2022-05-24 22:33:28'),
(3, 'Banten', '2022-05-24 22:33:30', '2022-05-24 22:33:30'),
(4, 'Bengkulu', '2022-05-24 22:33:31', '2022-05-24 22:33:31'),
(5, 'DI Yogyakarta', '2022-05-24 22:33:33', '2022-05-24 22:33:33'),
(6, 'DKI Jakarta', '2022-05-24 22:33:35', '2022-05-24 22:33:35'),
(7, 'Gorontalo', '2022-05-24 22:33:36', '2022-05-24 22:33:36'),
(8, 'Jambi', '2022-05-24 22:33:38', '2022-05-24 22:33:38'),
(9, 'Jawa Barat', '2022-05-24 22:33:40', '2022-05-24 22:33:40'),
(10, 'Jawa Tengah', '2022-05-24 22:33:46', '2022-05-24 22:33:46'),
(11, 'Jawa Timur', '2022-05-24 22:33:49', '2022-05-24 22:33:49'),
(12, 'Kalimantan Barat', '2022-05-24 22:33:52', '2022-05-24 22:33:52'),
(13, 'Kalimantan Selatan', '2022-05-24 22:33:55', '2022-05-24 22:33:55'),
(14, 'Kalimantan Tengah', '2022-05-24 22:33:57', '2022-05-24 22:33:57'),
(15, 'Kalimantan Timur', '2022-05-24 22:33:59', '2022-05-24 22:33:59'),
(16, 'Kalimantan Utara', '2022-05-24 22:34:00', '2022-05-24 22:34:00'),
(17, 'Kepulauan Riau', '2022-05-24 22:34:02', '2022-05-24 22:34:02'),
(18, 'Lampung', '2022-05-24 22:34:03', '2022-05-24 22:34:03'),
(19, 'Maluku', '2022-05-24 22:34:05', '2022-05-24 22:34:05'),
(20, 'Maluku Utara', '2022-05-24 22:34:07', '2022-05-24 22:34:07'),
(21, 'Nanggroe Aceh Darussalam (NAD)', '2022-05-24 22:34:09', '2022-05-24 22:34:09'),
(22, 'Nusa Tenggara Barat (NTB)', '2022-05-24 22:34:11', '2022-05-24 22:34:11'),
(23, 'Nusa Tenggara Timur (NTT)', '2022-05-24 22:34:13', '2022-05-24 22:34:13'),
(24, 'Papua', '2022-05-24 22:34:15', '2022-05-24 22:34:15'),
(25, 'Papua Barat', '2022-05-24 22:34:18', '2022-05-24 22:34:18'),
(26, 'Riau', '2022-05-24 22:34:20', '2022-05-24 22:34:20'),
(27, 'Sulawesi Barat', '2022-05-24 22:34:22', '2022-05-24 22:34:22'),
(28, 'Sulawesi Selatan', '2022-05-24 22:34:24', '2022-05-24 22:34:24'),
(29, 'Sulawesi Tengah', '2022-05-24 22:34:27', '2022-05-24 22:34:27'),
(30, 'Sulawesi Tenggara', '2022-05-24 22:34:28', '2022-05-24 22:34:28'),
(31, 'Sulawesi Utara', '2022-05-24 22:34:30', '2022-05-24 22:34:30'),
(32, 'Sumatera Barat', '2022-05-24 22:34:32', '2022-05-24 22:34:32'),
(33, 'Sumatera Selatan', '2022-05-24 22:34:34', '2022-05-24 22:34:34'),
(34, 'Sumatera Utara', '2022-05-24 22:34:36', '2022-05-24 22:34:36');

-- --------------------------------------------------------

--
-- Table structure for table `slider`
--

CREATE TABLE `slider` (
  `id` bigint(3) UNSIGNED NOT NULL,
  `teks` text COLLATE utf8mb4_unicode_ci DEFAULT NULL,
  `tipe` bigint(2) NOT NULL,
  `gambar` text COLLATE utf8mb4_unicode_ci NOT NULL,
  `created_at` timestamp NULL DEFAULT NULL,
  `updated_at` timestamp NULL DEFAULT NULL
) ENGINE=InnoDB DEFAULT CHARSET=utf8mb4 COLLATE=utf8mb4_unicode_ci;

--
-- Dumping data for table `slider`
--

INSERT INTO `slider` (`id`, `teks`, `tipe`, `gambar`, `created_at`, `updated_at`) VALUES
(12, '<p><span style=\"font-family:Comic Sans MS,cursive\"><span style=\"font-size:26px\">Munzalan Store</span></span></p>', 2, 'Gambar_Slider2_19745.png', '2019-11-29 10:28:37', '2019-11-29 10:13:07'),
(13, NULL, 1, 'Gambar_Slider1_23811.png', '2019-11-29 10:28:53', '2022-07-12 07:05:32'),
(16, NULL, 1, 'Gambar_Slider1_18327.png', '2022-07-12 07:06:26', '2022-07-12 07:06:26');

-- --------------------------------------------------------

--
-- Table structure for table `tentang_kami`
--

CREATE TABLE `tentang_kami` (
  `id` bigint(20) UNSIGNED NOT NULL,
  `teks` text COLLATE utf8mb4_unicode_ci NOT NULL,
  `gambar` text COLLATE utf8mb4_unicode_ci NOT NULL,
  `created_at` timestamp NULL DEFAULT NULL,
  `updated_at` timestamp NULL DEFAULT NULL
) ENGINE=InnoDB DEFAULT CHARSET=utf8mb4 COLLATE=utf8mb4_unicode_ci;

--
-- Dumping data for table `tentang_kami`
--

INSERT INTO `tentang_kami` (`id`, `teks`, `gambar`, `created_at`, `updated_at`) VALUES
(1, '<h2>Munzalan Store Provide Authentic Product Only</h2>\r\n\r\n<p>Dan setiap anda belanja disini, anda akan mendapatkan tiga hal yaitu Produk, Pahala dan Doa, karena setiap produk yang anda beli, 90% keuntungannya untuk kepentingan dakwah Munzalan Mubarakan, serta setiap anda belanja disini kami akan doakan dengan doa-doa terbaik untuk anda serta anda juga meningkatkan produktivitas produk Muslim di Indonesia</p>', 'Logo Banner.png', '2019-11-29 14:45:57', '2022-07-13 09:11:58');

-- --------------------------------------------------------

--
-- Table structure for table `transfer_pembayaran`
--

CREATE TABLE `transfer_pembayaran` (
  `id` bigint(11) UNSIGNED NOT NULL,
  `user_id` bigint(11) UNSIGNED NOT NULL,
  `pesanan_id` bigint(11) UNSIGNED NOT NULL,
  `asal_bank` varchar(10) COLLATE utf8mb4_unicode_ci NOT NULL,
  `nama_pengirim` varchar(50) COLLATE utf8mb4_unicode_ci NOT NULL,
  `nomor_rekening` varchar(15) COLLATE utf8mb4_unicode_ci NOT NULL,
  `bukti_bayar` text COLLATE utf8mb4_unicode_ci NOT NULL,
  `status_bayar` text COLLATE utf8mb4_unicode_ci NOT NULL,
  `status_verifikasi` text COLLATE utf8mb4_unicode_ci NOT NULL,
  `created_at` timestamp NULL DEFAULT NULL,
  `updated_at` timestamp NULL DEFAULT NULL
) ENGINE=InnoDB DEFAULT CHARSET=utf8mb4 COLLATE=utf8mb4_unicode_ci;

--
-- Dumping data for table `transfer_pembayaran`
--

INSERT INTO `transfer_pembayaran` (`id`, `user_id`, `pesanan_id`, `asal_bank`, `nama_pengirim`, `nomor_rekening`, `bukti_bayar`, `status_bayar`, `status_verifikasi`, `created_at`, `updated_at`) VALUES
(56, 1, 303, 'BCA', 'Pur', '222', '1657642946_UID_1_PID_303.jpg', 'Sudah Bayar', 'Sudah Di Verifikasi', '2022-07-12 09:22:26', '2022-07-13 07:32:38'),
(57, 1, 304, 'BCA', 'Pur', '62021212', '1657644280_UID_1_PID_304.jpg', 'Sudah Bayar', 'Sudah Di Verifikasi', '2022-07-12 09:44:40', '2022-07-13 09:14:29'),
(58, 1, 305, 'BCA', 'Pur', '1212', '1657644385_UID_1_PID_305.jpg', 'Sudah Bayar', 'Sudah Di Verifikasi', '2022-07-12 09:46:25', '2022-07-13 09:15:16'),
(59, 1, 306, 'BCA', 'Pur', '21212', '1657644856_UID_1_PID_306.jpg', 'Sudah Bayar', 'Sudah Di Verifikasi', '2022-07-12 09:54:16', '2022-07-13 09:15:54'),
(60, 1, 307, 'BCA', 'Purnomo', '0292446045', '1657709286_UID_1_PID_307.jpg', 'Sudah Bayar', 'Sudah Di Verifikasi', '2022-07-13 10:48:07', '2022-07-13 12:52:34'),
(61, 153, 309, 'BCA', 'Purnomo', '0292446045', '1657734786_UID_153_PID_309.jpg', 'Sudah Bayar', 'Sudah Di Verifikasi', '2022-07-13 17:53:06', '2022-08-27 14:45:59'),
(62, 153, 310, 'BCA', 'Purnomo', '0292446045', '1657734965_UID_153_PID_310.jpg', 'Sudah Bayar', 'Sudah Di Verifikasi', '2022-07-13 17:56:05', '2022-07-15 03:31:26'),
(63, 153, 311, 'BCA', 'Purnomo', '0292446045', '1657735974_UID_153_PID_311.jpg', 'Sudah Bayar', 'Sudah Di Verifikasi', '2022-07-13 18:12:54', '2022-07-15 03:36:02'),
(64, 153, 312, 'BCA', 'Purnomo', '0292446045', '1657736181_UID_153_PID_312.jpg', 'Sudah Bayar', 'Belum Di Verifikasi', '2022-07-13 18:16:21', '2022-07-13 18:16:21'),
(65, 1, 313, 'BCA', 'Pur', '0231222', '1658385946_UID_1_PID_313.png', 'Sudah Bayar', 'Belum Di Verifikasi', '2022-07-21 06:45:46', '2022-07-21 06:45:46'),
(66, 1, 314, 'BCA', 'MasPur', '04126728', '1658912150_UID_1_PID_314.png', 'Sudah Bayar', 'Belum Di Verifikasi', '2022-07-27 08:55:50', '2022-07-27 08:55:50'),
(67, 1, 315, 'BCA', 'Pur', '31212121', '1658912421_UID_1_PID_315.png', 'Sudah Bayar', 'Belum Di Verifikasi', '2022-07-27 09:00:21', '2022-07-27 09:00:21'),
(68, 1, 316, 'BCA', 'Mas', '323232', '1658912549_UID_1_PID_316.png', 'Sudah Bayar', 'Belum Di Verifikasi', '2022-07-27 09:02:29', '2022-07-27 09:02:29'),
(69, 1, 319, 'asas', 'asas', '1212', '1659531079_UID_1_PID_319.jpg', 'Sudah Bayar', 'Belum Di Verifikasi', '2022-08-03 12:51:19', '2022-08-03 12:51:19'),
(70, 1, 320, 'BCA', 'Pur', '12126178', '1659536939_UID_1_PID_320.png', 'Sudah Bayar', 'Belum Di Verifikasi', '2022-08-03 14:28:59', '2022-08-03 14:28:59'),
(71, 1, 321, 'BCA', 'Pur', '02323323', '1659537258_UID_1_PID_321.png', 'Sudah Bayar', 'Sudah Di Verifikasi', '2022-08-03 14:34:18', '2019-11-29 17:54:36'),
(72, 1, 322, 'BCA', 'Pur', '026327872', '1659670292_UID_1_PID_322.png', 'Sudah Bayar', 'Belum Di Verifikasi', '2022-08-05 03:31:32', '2022-08-05 03:31:32'),
(73, 1, 323, 'BCA', 'PUr', '026553652', '1659671370_UID_1_PID_323.png', 'Sudah Bayar', 'Sudah Di Verifikasi', '2022-08-05 03:49:30', '2022-08-05 03:51:54'),
(74, 1, 324, 'BCA', 'Pur', '0234333', '1659713335_UID_1_PID_324.png', 'Sudah Bayar', 'Sudah Di Verifikasi', '2022-08-05 15:28:55', '2022-08-05 15:32:18'),
(75, 1, 325, 'BCA', 'Pur', '2412122214', '1659689874_UID_1_PID_325.png', 'Sudah Bayar', 'Sudah Di Verifikasi', '2022-08-05 08:57:54', '2022-08-05 08:59:11');

-- --------------------------------------------------------

--
-- Table structure for table `users`
--

CREATE TABLE `users` (
  `id` bigint(20) UNSIGNED NOT NULL,
  `name` varchar(30) COLLATE utf8mb4_unicode_ci NOT NULL,
  `email` varchar(50) COLLATE utf8mb4_unicode_ci NOT NULL,
  `email_verified_at` timestamp NULL DEFAULT NULL,
  `password` varchar(255) COLLATE utf8mb4_unicode_ci NOT NULL,
  `jenis_kelamin` varchar(11) COLLATE utf8mb4_unicode_ci DEFAULT NULL,
  `foto_profil` text COLLATE utf8mb4_unicode_ci DEFAULT NULL,
  `peran` varchar(11) COLLATE utf8mb4_unicode_ci NOT NULL DEFAULT 'USER',
  `terakhir_dilihat` timestamp NULL DEFAULT NULL,
  `remember_token` varchar(100) COLLATE utf8mb4_unicode_ci DEFAULT NULL,
  `created_at` timestamp NULL DEFAULT NULL,
  `updated_at` timestamp NULL DEFAULT NULL
) ENGINE=InnoDB DEFAULT CHARSET=utf8mb4 COLLATE=utf8mb4_unicode_ci;

--
-- Dumping data for table `users`
--

INSERT INTO `users` (`id`, `name`, `email`, `email_verified_at`, `password`, `jenis_kelamin`, `foto_profil`, `peran`, `terakhir_dilihat`, `remember_token`, `created_at`, `updated_at`) VALUES
(1, 'Mas Pur', 'purnommo406@gmail.com', NULL, '$2y$10$3PrSwftfmohTRZdJ5FbuR.fP/PR46mUGGNWoKF2rhO/3pYxjluck2', NULL, NULL, 'USER', '2022-11-09 03:17:16', NULL, '2022-03-29 21:13:56', '2022-11-09 03:17:16'),
(2, 'Admin', 'admin@gmail.com', NULL, '$2y$10$3PrSwftfmohTRZdJ5FbuR.fP/PR46mUGGNWoKF2rhO/3pYxjluck2', NULL, NULL, 'ADMIN', '2019-11-29 16:48:49', NULL, '2022-03-29 21:13:56', '2019-11-29 16:48:49'),
(145, 'Mo', 'pur@gmail.com', NULL, '$2y$10$M4aGh6l08Ihym9Z8iVZzNO0R7FGSltPUwxqygsm9g7k4wgyR/GhKO', NULL, NULL, 'USER', '2022-07-13 06:04:17', NULL, '2022-07-13 06:04:17', '2022-07-13 06:04:17'),
(146, 'Norman C. Pike', 'NormanCPike@armyspy.com', NULL, '$2y$10$12eKQKToDJc70awxMWUnku9Zd20i2TR5bUr7SPI.D0igcyXVADQqi', NULL, NULL, 'USER', '2022-07-13 06:06:53', NULL, '2022-07-13 06:06:53', '2022-07-13 06:06:53'),
(147, 'Stanley M. Whitehead', 'StanleyMWhitehead@teleworm.us', NULL, '$2y$10$3ElA2pLhKR/pwdIkSpliHeAYPprPpOqtmykTS9DMMgDWO.f1aVZiC', NULL, NULL, 'USER', '2022-07-13 06:07:31', NULL, '2022-07-13 06:07:31', '2022-07-13 06:07:31'),
(148, 'Sarah D. Evans', 'SarahDEvans@armyspy.com', NULL, '$2y$10$3sUJRzQqpGFGDKLbkbLfd.RVWXGDVheNAygIJGSmwDVLu94VgAsr2', NULL, NULL, 'USER', '2022-07-13 06:08:04', NULL, '2022-07-13 06:08:04', '2022-07-13 06:08:04'),
(149, 'Rafi Waskita', 'chelsea18@nurdiyanti.mil.id', NULL, '$2y$10$vuuzOyovaBg5NWcOlk7.q.qBmoU4phhr0yBqFXYEuelq.MoF/Y71e', NULL, NULL, 'USER', '2022-07-13 06:09:57', NULL, '2022-07-13 06:09:57', '2022-07-13 06:09:57'),
(150, 'Daliono Pangestu', 'ifa.handayani@mulyani.sch.id', NULL, '$2y$10$ey77YjCUhEYTPGVvfm71CepNT4Wf.nXm.Y9/fE9YLKfBW6RlADX2y', NULL, NULL, 'USER', '2022-07-13 06:10:49', NULL, '2022-07-13 06:10:49', '2022-07-13 06:10:49'),
(151, 'Okta Samosir', 'karya78@gmail.co', NULL, '$2y$10$6Gk0ALA.k7Lxv7mnpW/EDO7qBwc.lBdB0i8brksiKaY5gJ/z5.iR6', NULL, NULL, 'USER', '2022-07-13 06:11:42', NULL, '2022-07-13 06:11:42', '2022-07-13 06:11:42'),
(152, 'Jindra Suryono', 'halim.salsabila@gmail.co.id', NULL, '$2y$10$AvrLT6Mo6ABowx9WVHfy.eoiZcFN/r0izjDBWSu/k092uQmeW6jWe', NULL, NULL, 'USER', '2022-07-13 06:12:47', NULL, '2022-07-13 06:12:47', '2022-07-13 06:12:47'),
(153, 'Purnommo', 'purnommo407@gmail.com', NULL, '$2y$10$3PrSwftfmohTRZdJ5FbuR.fP/PR46mUGGNWoKF2rhO/3pYxjluck2', NULL, NULL, 'USER', '2019-11-29 16:48:06', NULL, '2022-07-13 17:44:12', '2019-11-29 16:48:06');

--
-- Indexes for dumped tables
--

--
-- Indexes for table `alamat_pengiriman`
--
ALTER TABLE `alamat_pengiriman`
  ADD PRIMARY KEY (`id`),
  ADD KEY `alamat_pengiriman_user_id_foreign` (`user_id`),
  ADD KEY `alamat_pengiriman_provinsi_id_foreign` (`provinsi_id`),
  ADD KEY `alamat_pengiriman_kota_id_foreign` (`kota_id`);

--
-- Indexes for table `detail_pesanan`
--
ALTER TABLE `detail_pesanan`
  ADD PRIMARY KEY (`id`),
  ADD KEY `detail_pesanan_user_id_foreign` (`user_id`),
  ADD KEY `detail_pesanan_pesanan_id_foreign` (`pesanan_id`),
  ADD KEY `detail_pesanan_produk_id_foreign` (`produk_id`);

--
-- Indexes for table `failed_jobs`
--
ALTER TABLE `failed_jobs`
  ADD PRIMARY KEY (`id`),
  ADD UNIQUE KEY `failed_jobs_uuid_unique` (`uuid`);

--
-- Indexes for table `gambar_produk`
--
ALTER TABLE `gambar_produk`
  ADD PRIMARY KEY (`id`),
  ADD KEY `gambar_produk_produk_id_foreign` (`produk_id`);

--
-- Indexes for table `iklan`
--
ALTER TABLE `iklan`
  ADD PRIMARY KEY (`id`);

--
-- Indexes for table `kategori`
--
ALTER TABLE `kategori`
  ADD PRIMARY KEY (`id`),
  ADD UNIQUE KEY `kategori_name_unique` (`name`),
  ADD UNIQUE KEY `kategori_slug_unique` (`slug`);

--
-- Indexes for table `keranjang`
--
ALTER TABLE `keranjang`
  ADD PRIMARY KEY (`id`),
  ADD KEY `keranjang_user_id_foreign` (`user_id`);

--
-- Indexes for table `kota`
--
ALTER TABLE `kota`
  ADD PRIMARY KEY (`id`),
  ADD KEY `kota_provinsi_id_foreign` (`provinsi_id`);

--
-- Indexes for table `migrations`
--
ALTER TABLE `migrations`
  ADD PRIMARY KEY (`id`);

--
-- Indexes for table `password_resets`
--
ALTER TABLE `password_resets`
  ADD KEY `password_resets_email_index` (`email`);

--
-- Indexes for table `penilaian`
--
ALTER TABLE `penilaian`
  ADD PRIMARY KEY (`id`),
  ADD KEY `penilaian_produk_pesanan_id_foreign` (`produk_pesanan_id`),
  ADD KEY `penilaian_produk_id_foreign` (`produk_id`),
  ADD KEY `penilaian_user_id_foreign` (`user_id`);

--
-- Indexes for table `personal_access_tokens`
--
ALTER TABLE `personal_access_tokens`
  ADD PRIMARY KEY (`id`),
  ADD UNIQUE KEY `personal_access_tokens_token_unique` (`token`),
  ADD KEY `personal_access_tokens_tokenable_type_tokenable_id_index` (`tokenable_type`,`tokenable_id`);

--
-- Indexes for table `pesanan`
--
ALTER TABLE `pesanan`
  ADD PRIMARY KEY (`id`),
  ADD KEY `pesanan_user_id_foreign` (`user_id`),
  ADD KEY `pesanan_alamat_id_foreign` (`alamat_id`);

--
-- Indexes for table `pesanan_logs`
--
ALTER TABLE `pesanan_logs`
  ADD PRIMARY KEY (`id`),
  ADD KEY `pesanan_logs_pesanan_id_foreign` (`pesanan_id`);

--
-- Indexes for table `pesanan_produk`
--
ALTER TABLE `pesanan_produk`
  ADD PRIMARY KEY (`id`),
  ADD KEY `pesanan_produk_pesanan_id_foreign` (`pesanan_id`),
  ADD KEY `pesanan_produk_produk_id_foreign` (`produk_id`),
  ADD KEY `pesanan_produk_user_id_foreign` (`user_id`);

--
-- Indexes for table `produk`
--
ALTER TABLE `produk`
  ADD PRIMARY KEY (`id`),
  ADD KEY `produk_kategori_id_foreign` (`kategori_id`);

--
-- Indexes for table `produk_atribut`
--
ALTER TABLE `produk_atribut`
  ADD PRIMARY KEY (`id`),
  ADD KEY `produk_atribut_produk_id_foreign` (`produk_id`);

--
-- Indexes for table `produk_favorit`
--
ALTER TABLE `produk_favorit`
  ADD PRIMARY KEY (`id`),
  ADD KEY `produk_favorit_user_id_foreign` (`user_id`),
  ADD KEY `produk_favorit_produk_id_foreign` (`produk_id`);

--
-- Indexes for table `provinsi`
--
ALTER TABLE `provinsi`
  ADD PRIMARY KEY (`id`);

--
-- Indexes for table `slider`
--
ALTER TABLE `slider`
  ADD PRIMARY KEY (`id`);

--
-- Indexes for table `tentang_kami`
--
ALTER TABLE `tentang_kami`
  ADD PRIMARY KEY (`id`);

--
-- Indexes for table `transfer_pembayaran`
--
ALTER TABLE `transfer_pembayaran`
  ADD PRIMARY KEY (`id`),
  ADD KEY `transfer_pembayaran_pesanan_id_foreign` (`pesanan_id`),
  ADD KEY `transfer_pembayaran_user_id_foreign` (`user_id`);

--
-- Indexes for table `users`
--
ALTER TABLE `users`
  ADD PRIMARY KEY (`id`),
  ADD UNIQUE KEY `users_email_unique` (`email`);

--
-- AUTO_INCREMENT for dumped tables
--

--
-- AUTO_INCREMENT for table `alamat_pengiriman`
--
ALTER TABLE `alamat_pengiriman`
  MODIFY `id` bigint(11) UNSIGNED NOT NULL AUTO_INCREMENT, AUTO_INCREMENT=56;

--
-- AUTO_INCREMENT for table `detail_pesanan`
--
ALTER TABLE `detail_pesanan`
  MODIFY `id` bigint(20) UNSIGNED NOT NULL AUTO_INCREMENT;

--
-- AUTO_INCREMENT for table `failed_jobs`
--
ALTER TABLE `failed_jobs`
  MODIFY `id` bigint(20) UNSIGNED NOT NULL AUTO_INCREMENT;

--
-- AUTO_INCREMENT for table `gambar_produk`
--
ALTER TABLE `gambar_produk`
  MODIFY `id` bigint(11) UNSIGNED NOT NULL AUTO_INCREMENT, AUTO_INCREMENT=39;

--
-- AUTO_INCREMENT for table `iklan`
--
ALTER TABLE `iklan`
  MODIFY `id` bigint(20) UNSIGNED NOT NULL AUTO_INCREMENT, AUTO_INCREMENT=5;

--
-- AUTO_INCREMENT for table `kategori`
--
ALTER TABLE `kategori`
  MODIFY `id` bigint(11) UNSIGNED NOT NULL AUTO_INCREMENT, AUTO_INCREMENT=34;

--
-- AUTO_INCREMENT for table `keranjang`
--
ALTER TABLE `keranjang`
  MODIFY `id` bigint(11) UNSIGNED NOT NULL AUTO_INCREMENT, AUTO_INCREMENT=229;

--
-- AUTO_INCREMENT for table `kota`
--
ALTER TABLE `kota`
  MODIFY `id` bigint(11) UNSIGNED NOT NULL AUTO_INCREMENT, AUTO_INCREMENT=502;

--
-- AUTO_INCREMENT for table `migrations`
--
ALTER TABLE `migrations`
  MODIFY `id` int(10) UNSIGNED NOT NULL AUTO_INCREMENT, AUTO_INCREMENT=68;

--
-- AUTO_INCREMENT for table `penilaian`
--
ALTER TABLE `penilaian`
  MODIFY `id` bigint(11) UNSIGNED NOT NULL AUTO_INCREMENT, AUTO_INCREMENT=13;

--
-- AUTO_INCREMENT for table `personal_access_tokens`
--
ALTER TABLE `personal_access_tokens`
  MODIFY `id` bigint(20) UNSIGNED NOT NULL AUTO_INCREMENT;

--
-- AUTO_INCREMENT for table `pesanan`
--
ALTER TABLE `pesanan`
  MODIFY `id` bigint(11) UNSIGNED NOT NULL AUTO_INCREMENT, AUTO_INCREMENT=327;

--
-- AUTO_INCREMENT for table `pesanan_logs`
--
ALTER TABLE `pesanan_logs`
  MODIFY `id` bigint(11) UNSIGNED NOT NULL AUTO_INCREMENT, AUTO_INCREMENT=74;

--
-- AUTO_INCREMENT for table `pesanan_produk`
--
ALTER TABLE `pesanan_produk`
  MODIFY `id` bigint(11) UNSIGNED NOT NULL AUTO_INCREMENT, AUTO_INCREMENT=55;

--
-- AUTO_INCREMENT for table `produk`
--
ALTER TABLE `produk`
  MODIFY `id` bigint(11) UNSIGNED NOT NULL AUTO_INCREMENT, AUTO_INCREMENT=53;

--
-- AUTO_INCREMENT for table `produk_atribut`
--
ALTER TABLE `produk_atribut`
  MODIFY `id` bigint(11) UNSIGNED NOT NULL AUTO_INCREMENT, AUTO_INCREMENT=35;

--
-- AUTO_INCREMENT for table `produk_favorit`
--
ALTER TABLE `produk_favorit`
  MODIFY `id` bigint(11) UNSIGNED NOT NULL AUTO_INCREMENT, AUTO_INCREMENT=65;

--
-- AUTO_INCREMENT for table `provinsi`
--
ALTER TABLE `provinsi`
  MODIFY `id` bigint(11) UNSIGNED NOT NULL AUTO_INCREMENT, AUTO_INCREMENT=35;

--
-- AUTO_INCREMENT for table `slider`
--
ALTER TABLE `slider`
  MODIFY `id` bigint(3) UNSIGNED NOT NULL AUTO_INCREMENT, AUTO_INCREMENT=17;

--
-- AUTO_INCREMENT for table `tentang_kami`
--
ALTER TABLE `tentang_kami`
  MODIFY `id` bigint(20) UNSIGNED NOT NULL AUTO_INCREMENT, AUTO_INCREMENT=2;

--
-- AUTO_INCREMENT for table `transfer_pembayaran`
--
ALTER TABLE `transfer_pembayaran`
  MODIFY `id` bigint(11) UNSIGNED NOT NULL AUTO_INCREMENT, AUTO_INCREMENT=76;

--
-- AUTO_INCREMENT for table `users`
--
ALTER TABLE `users`
  MODIFY `id` bigint(20) UNSIGNED NOT NULL AUTO_INCREMENT, AUTO_INCREMENT=154;

--
-- Constraints for dumped tables
--

--
-- Constraints for table `alamat_pengiriman`
--
ALTER TABLE `alamat_pengiriman`
  ADD CONSTRAINT `alamat_pengiriman_kota_id_foreign` FOREIGN KEY (`kota_id`) REFERENCES `kota` (`id`) ON DELETE CASCADE,
  ADD CONSTRAINT `alamat_pengiriman_provinsi_id_foreign` FOREIGN KEY (`provinsi_id`) REFERENCES `provinsi` (`id`) ON DELETE CASCADE,
  ADD CONSTRAINT `alamat_pengiriman_user_id_foreign` FOREIGN KEY (`user_id`) REFERENCES `users` (`id`) ON DELETE CASCADE;

--
-- Constraints for table `detail_pesanan`
--
ALTER TABLE `detail_pesanan`
  ADD CONSTRAINT `detail_pesanan_pesanan_id_foreign` FOREIGN KEY (`pesanan_id`) REFERENCES `pesanan` (`id`) ON DELETE CASCADE,
  ADD CONSTRAINT `detail_pesanan_produk_id_foreign` FOREIGN KEY (`produk_id`) REFERENCES `produk` (`id`) ON DELETE CASCADE,
  ADD CONSTRAINT `detail_pesanan_user_id_foreign` FOREIGN KEY (`user_id`) REFERENCES `users` (`id`) ON DELETE CASCADE;

--
-- Constraints for table `gambar_produk`
--
ALTER TABLE `gambar_produk`
  ADD CONSTRAINT `gambar_produk_produk_id_foreign` FOREIGN KEY (`produk_id`) REFERENCES `produk` (`id`) ON DELETE CASCADE;

--
-- Constraints for table `keranjang`
--
ALTER TABLE `keranjang`
  ADD CONSTRAINT `keranjang_user_id_foreign` FOREIGN KEY (`user_id`) REFERENCES `users` (`id`) ON DELETE CASCADE;

--
-- Constraints for table `kota`
--
ALTER TABLE `kota`
  ADD CONSTRAINT `kota_provinsi_id_foreign` FOREIGN KEY (`provinsi_id`) REFERENCES `provinsi` (`id`) ON DELETE CASCADE;

--
-- Constraints for table `penilaian`
--
ALTER TABLE `penilaian`
  ADD CONSTRAINT `penilaian_produk_id_foreign` FOREIGN KEY (`produk_id`) REFERENCES `produk` (`id`) ON DELETE CASCADE,
  ADD CONSTRAINT `penilaian_produk_pesanan_id_foreign` FOREIGN KEY (`produk_pesanan_id`) REFERENCES `pesanan_produk` (`id`) ON DELETE CASCADE,
  ADD CONSTRAINT `penilaian_user_id_foreign` FOREIGN KEY (`user_id`) REFERENCES `users` (`id`) ON DELETE CASCADE;

--
-- Constraints for table `pesanan`
--
ALTER TABLE `pesanan`
  ADD CONSTRAINT `pesanan_alamat_id_foreign` FOREIGN KEY (`alamat_id`) REFERENCES `alamat_pengiriman` (`id`) ON DELETE CASCADE,
  ADD CONSTRAINT `pesanan_user_id_foreign` FOREIGN KEY (`user_id`) REFERENCES `users` (`id`) ON DELETE CASCADE;

--
-- Constraints for table `pesanan_logs`
--
ALTER TABLE `pesanan_logs`
  ADD CONSTRAINT `pesanan_logs_pesanan_id_foreign` FOREIGN KEY (`pesanan_id`) REFERENCES `pesanan` (`id`) ON DELETE CASCADE;

--
-- Constraints for table `pesanan_produk`
--
ALTER TABLE `pesanan_produk`
  ADD CONSTRAINT `pesanan_produk_pesanan_id_foreign` FOREIGN KEY (`pesanan_id`) REFERENCES `pesanan` (`id`) ON DELETE CASCADE,
  ADD CONSTRAINT `pesanan_produk_produk_id_foreign` FOREIGN KEY (`produk_id`) REFERENCES `produk` (`id`) ON DELETE CASCADE,
  ADD CONSTRAINT `pesanan_produk_user_id_foreign` FOREIGN KEY (`user_id`) REFERENCES `users` (`id`) ON DELETE CASCADE;

--
-- Constraints for table `produk`
--
ALTER TABLE `produk`
  ADD CONSTRAINT `produk_kategori_id_foreign` FOREIGN KEY (`kategori_id`) REFERENCES `kategori` (`id`) ON DELETE CASCADE;

--
-- Constraints for table `produk_atribut`
--
ALTER TABLE `produk_atribut`
  ADD CONSTRAINT `produk_atribut_produk_id_foreign` FOREIGN KEY (`produk_id`) REFERENCES `produk` (`id`) ON DELETE CASCADE;

--
-- Constraints for table `produk_favorit`
--
ALTER TABLE `produk_favorit`
  ADD CONSTRAINT `produk_favorit_produk_id_foreign` FOREIGN KEY (`produk_id`) REFERENCES `produk` (`id`) ON DELETE CASCADE,
  ADD CONSTRAINT `produk_favorit_user_id_foreign` FOREIGN KEY (`user_id`) REFERENCES `users` (`id`) ON DELETE CASCADE;

--
-- Constraints for table `transfer_pembayaran`
--
ALTER TABLE `transfer_pembayaran`
  ADD CONSTRAINT `transfer_pembayaran_pesanan_id_foreign` FOREIGN KEY (`pesanan_id`) REFERENCES `pesanan` (`id`) ON DELETE CASCADE,
  ADD CONSTRAINT `transfer_pembayaran_user_id_foreign` FOREIGN KEY (`user_id`) REFERENCES `users` (`id`) ON DELETE CASCADE;
COMMIT;

/*!40101 SET CHARACTER_SET_CLIENT=@OLD_CHARACTER_SET_CLIENT */;
/*!40101 SET CHARACTER_SET_RESULTS=@OLD_CHARACTER_SET_RESULTS */;
/*!40101 SET COLLATION_CONNECTION=@OLD_COLLATION_CONNECTION */;
